image_path,style,confidence,description
images/glamour/glamour_000006.jpg,glamour,0.4463,a portrait of a person with a glamorous bold makeup look
images/minimaliste/minimaliste_000007.jpg,minimaliste,0.2898,a portrait of a person with a minimalist clean simple look
images/professionnel/professionnel_000008.jpg,professionnel,0.3285,a portrait of a person with a professional polished business look
images/doux/doux_000009.jpg,doux,0.2799,a portrait of a person with a soft romantic gentle makeup look
images/minimaliste/minimaliste_000010.jpg,minimaliste,0.2176,a portrait of a person with a minimalist clean simple look
images/professionnel/professionnel_000012.jpg,professionnel,0.6972,a portrait of a person with a professional polished business look
images/minimaliste/minimaliste_000013.jpg,minimaliste,0.3483,a portrait of a person with a minimalist clean simple look
images/naturel/naturel_000014.jpg,naturel,0.7425,a portrait of a person with a natural fresh no-makeup look
images/professionnel/professionnel_000015.jpg,professionnel,0.7499,a portrait of a person with a professional polished business look
images/minimaliste/minimaliste_000016.jpg,minimaliste,0.3076,a portrait of a person with a minimalist clean simple look
images/doux/doux_000018.jpg,doux,0.2158,a portrait of a person with a soft romantic gentle makeup look
images/boheme/boheme_000019.jpg,boheme,0.5315,a portrait of a person with a bohemian artistic free-spirited look
images/boheme/boheme_000020.jpg,boheme,0.4534,a portrait of a person with a bohemian artistic free-spirited look
images/professionnel/professionnel_000021.jpg,professionnel,0.7192,a portrait of a person with a professional polished business look
images/naturel/naturel_000022.jpg,naturel,0.2436,a portrait of a person with a natural fresh no-makeup look
images/professionnel/professionnel_000023.jpg,professionnel,0.3454,a portrait of a person with a professional polished business look
images/glamour/glamour_000024.jpg,glamour,0.3319,a portrait of a person with a glamorous bold makeup look
images/professionnel/professionnel_000025.jpg,professionnel,0.3883,a portrait of a person with a professional polished business look
images/naturel/naturel_000026.jpg,naturel,0.3216,a portrait of a person with a natural fresh no-makeup look
images/naturel/naturel_000027.jpg,naturel,0.2319,a portrait of a person with a natural fresh no-makeup look
images/boheme/boheme_000030.jpg,boheme,0.2627,a portrait of a person with a bohemian artistic free-spirited look
images/naturel/naturel_000031.jpg,naturel,0.7562,a portrait of a person with a natural fresh no-makeup look
images/professionnel/professionnel_000032.jpg,professionnel,0.7945,a portrait of a person with a professional polished business look
images/professionnel/professionnel_000033.jpg,professionnel,0.3451,a portrait of a person with a professional polished business look
images/doux/doux_000034.jpg,doux,0.2345,a portrait of a person with a soft romantic gentle makeup look
images/minimaliste/minimaliste_000035.jpg,minimaliste,0.2511,a portrait of a person with a minimalist clean simple look
images/minimaliste/minimaliste_000038.jpg,minimaliste,0.6057,a portrait of a person with a minimalist clean simple look
images/glamour/glamour_000039.jpg,glamour,0.3604,a portrait of a person with a glamorous bold makeup look
images/elegant/elegant_000040.jpg,elegant,0.3738,a portrait of a person with an elegant sophisticated evening look
images/glamour/glamour_000042.jpg,glamour,0.4392,a portrait of a person with a glamorous bold makeup look
images/naturel/naturel_000043.jpg,naturel,0.2574,a portrait of a person with a natural fresh no-makeup look
images/glamour/glamour_000045.jpg,glamour,0.2415,a portrait of a person with a glamorous bold makeup look
images/naturel/naturel_000046.jpg,naturel,0.4088,a portrait of a person with a natural fresh no-makeup look
images/naturel/naturel_000047.jpg,naturel,0.1985,a portrait of a person with a natural fresh no-makeup look
images/professionnel/professionnel_000052.jpg,professionnel,0.4,a portrait of a person with a professional polished business look
images/naturel/naturel_000054.jpg,naturel,0.6791,a portrait of a person with a natural fresh no-makeup look
images/professionnel/professionnel_000055.jpg,professionnel,0.8151,a portrait of a person with a professional polished business look
images/glamour/glamour_000057.jpg,glamour,0.409,a portrait of a person with a glamorous bold makeup look
images/naturel/naturel_000058.jpg,naturel,0.3105,a portrait of a person with a natural fresh no-makeup look
images/naturel/naturel_000062.jpg,naturel,0.3547,a portrait of a person with a natural fresh no-makeup look
images/professionnel/professionnel_000063.jpg,professionnel,0.2041,a portrait of a person with a professional polished business look
images/minimaliste/minimaliste_000064.jpg,minimaliste,0.3409,a portrait of a person with a minimalist clean simple look
images/minimaliste/minimaliste_000065.jpg,minimaliste,0.389,a portrait of a person with a minimalist clean simple look
images/professionnel/professionnel_000066.jpg,professionnel,0.2271,a portrait of a person with a professional polished business look
images/professionnel/professionnel_000070.jpg,professionnel,0.73,a portrait of a person with a professional polished business look
images/elegant/elegant_000071.jpg,elegant,0.2371,a portrait of a person with an elegant sophisticated evening look
images/professionnel/professionnel_000072.jpg,professionnel,0.6715,a portrait of a person with a professional polished business look
images/elegant/elegant_000073.jpg,elegant,0.5301,a portrait of a person with an elegant sophisticated evening look
images/professionnel/professionnel_000076.jpg,professionnel,0.3072,a portrait of a person with a professional polished business look
images/naturel/naturel_000077.jpg,naturel,0.2506,a portrait of a person with a natural fresh no-makeup look
images/professionnel/professionnel_000079.jpg,professionnel,0.271,a portrait of a person with a professional polished business look
images/professionnel/professionnel_000080.jpg,professionnel,0.3105,a portrait of a person with a professional polished business look
images/professionnel/professionnel_000081.jpg,professionnel,0.2784,a portrait of a person with a professional polished business look
images/minimaliste/minimaliste_000082.jpg,minimaliste,0.5413,a portrait of a person with a minimalist clean simple look
images/naturel/naturel_000083.jpg,naturel,0.4007,a portrait of a person with a natural fresh no-makeup look
images/doux/doux_000084.jpg,doux,0.3552,a portrait of a person with a soft romantic gentle makeup look
images/glamour/glamour_000085.jpg,glamour,0.3623,a portrait of a person with a glamorous bold makeup look
images/naturel/naturel_000087.jpg,naturel,0.7845,a portrait of a person with a natural fresh no-makeup look
images/boheme/boheme_000088.jpg,boheme,0.2399,a portrait of a person with a bohemian artistic free-spirited look
images/doux/doux_000089.jpg,doux,0.2655,a portrait of a person with a soft romantic gentle makeup look
images/professionnel/professionnel_000090.jpg,professionnel,0.3648,a portrait of a person with a professional polished business look
images/professionnel/professionnel_000091.jpg,professionnel,0.5554,a portrait of a person with a professional polished business look
images/naturel/naturel_000092.jpg,naturel,0.2984,a portrait of a person with a natural fresh no-makeup look
images/doux/doux_000094.jpg,doux,0.2053,a portrait of a person with a soft romantic gentle makeup look
images/glamour/glamour_000097.jpg,glamour,0.4436,a portrait of a person with a glamorous bold makeup look
images/glamour/glamour_000098.jpg,glamour,0.4383,a portrait of a person with a glamorous bold makeup look
images/naturel/naturel_000099.jpg,naturel,0.2819,a portrait of a person with a natural fresh no-makeup look
images/naturel/naturel_000100.jpg,naturel,0.3065,a portrait of a person with a natural fresh no-makeup look
images/professionnel/professionnel_000101.jpg,professionnel,0.3133,a portrait of a person with a professional polished business look
images/doux/doux_000103.jpg,doux,0.2831,a portrait of a person with a soft romantic gentle makeup look
images/professionnel/professionnel_000104.jpg,professionnel,0.3183,a portrait of a person with a professional polished business look
images/boheme/boheme_000105.jpg,boheme,0.3708,a portrait of a person with a bohemian artistic free-spirited look
images/naturel/naturel_000106.jpg,naturel,0.3832,a portrait of a person with a natural fresh no-makeup look
images/naturel/naturel_000107.jpg,naturel,0.597,a portrait of a person with a natural fresh no-makeup look
images/naturel/naturel_000108.jpg,naturel,0.4655,a portrait of a person with a natural fresh no-makeup look
images/professionnel/professionnel_000109.jpg,professionnel,0.4428,a portrait of a person with a professional polished business look
images/naturel/naturel_000112.jpg,naturel,0.2999,a portrait of a person with a natural fresh no-makeup look
images/minimaliste/minimaliste_000113.jpg,minimaliste,0.3717,a portrait of a person with a minimalist clean simple look
images/professionnel/professionnel_000114.jpg,professionnel,0.4195,a portrait of a person with a professional polished business look
images/minimaliste/minimaliste_000115.jpg,minimaliste,0.4996,a portrait of a person with a minimalist clean simple look
images/professionnel/professionnel_000116.jpg,professionnel,0.5821,a portrait of a person with a professional polished business look
images/doux/doux_000117.jpg,doux,0.4072,a portrait of a person with a soft romantic gentle makeup look
images/elegant/elegant_000118.jpg,elegant,0.285,a portrait of a person with an elegant sophisticated evening look
images/minimaliste/minimaliste_000119.jpg,minimaliste,0.3429,a portrait of a person with a minimalist clean simple look
images/minimaliste/minimaliste_000121.jpg,minimaliste,0.2153,a portrait of a person with a minimalist clean simple look
images/glamour/glamour_000122.jpg,glamour,0.3257,a portrait of a person with a glamorous bold makeup look
images/professionnel/professionnel_000123.jpg,professionnel,0.3701,a portrait of a person with a professional polished business look
images/elegant/elegant_000124.jpg,elegant,0.3108,a portrait of a person with an elegant sophisticated evening look
images/professionnel/professionnel_000125.jpg,professionnel,0.6453,a portrait of a person with a professional polished business look
images/naturel/naturel_000126.jpg,naturel,0.3623,a portrait of a person with a natural fresh no-makeup look
images/professionnel/professionnel_000127.jpg,professionnel,0.5856,a portrait of a person with a professional polished business look
images/professionnel/professionnel_000130.jpg,professionnel,0.6638,a portrait of a person with a professional polished business look
images/naturel/naturel_000132.jpg,naturel,0.2396,a portrait of a person with a natural fresh no-makeup look
images/naturel/naturel_000133.jpg,naturel,0.5352,a portrait of a person with a natural fresh no-makeup look
images/professionnel/professionnel_000134.jpg,professionnel,0.556,a portrait of a person with a professional polished business look
images/elegant/elegant_000135.jpg,elegant,0.353,a portrait of a person with an elegant sophisticated evening look
images/boheme/boheme_000136.jpg,boheme,0.3647,a portrait of a person with a bohemian artistic free-spirited look
images/boheme/boheme_000139.jpg,boheme,0.2885,a portrait of a person with a bohemian artistic free-spirited look
images/glamour/glamour_000141.jpg,glamour,0.2556,a portrait of a person with a glamorous bold makeup look
images/glamour/glamour_000142.jpg,glamour,0.3119,a portrait of a person with a glamorous bold makeup look
images/professionnel/professionnel_000143.jpg,professionnel,0.6742,a portrait of a person with a professional polished business look
images/glamour/glamour_000146.jpg,glamour,0.2094,a portrait of a person with a glamorous bold makeup look
images/naturel/naturel_000147.jpg,naturel,0.5003,a portrait of a person with a natural fresh no-makeup look
images/naturel/naturel_000148.jpg,naturel,0.3354,a portrait of a person with a natural fresh no-makeup look
images/naturel/naturel_000151.jpg,naturel,0.4113,a portrait of a person with a natural fresh no-makeup look
images/professionnel/professionnel_000152.jpg,professionnel,0.6947,a portrait of a person with a professional polished business look
images/professionnel/professionnel_000153.jpg,professionnel,0.737,a portrait of a person with a professional polished business look
images/glamour/glamour_000155.jpg,glamour,0.2302,a portrait of a person with a glamorous bold makeup look
images/professionnel/professionnel_000156.jpg,professionnel,0.2668,a portrait of a person with a professional polished business look
images/naturel/naturel_000157.jpg,naturel,0.4224,a portrait of a person with a natural fresh no-makeup look
images/minimaliste/minimaliste_000160.jpg,minimaliste,0.3726,a portrait of a person with a minimalist clean simple look
images/naturel/naturel_000161.jpg,naturel,0.3049,a portrait of a person with a natural fresh no-makeup look
images/boheme/boheme_000162.jpg,boheme,0.2568,a portrait of a person with a bohemian artistic free-spirited look
images/professionnel/professionnel_000164.jpg,professionnel,0.5512,a portrait of a person with a professional polished business look
images/minimaliste/minimaliste_000165.jpg,minimaliste,0.2733,a portrait of a person with a minimalist clean simple look
images/naturel/naturel_000168.jpg,naturel,0.314,a portrait of a person with a natural fresh no-makeup look
images/boheme/boheme_000170.jpg,boheme,0.2045,a portrait of a person with a bohemian artistic free-spirited look
images/professionnel/professionnel_000171.jpg,professionnel,0.4109,a portrait of a person with a professional polished business look
images/glamour/glamour_000172.jpg,glamour,0.3132,a portrait of a person with a glamorous bold makeup look
images/professionnel/professionnel_000174.jpg,professionnel,0.287,a portrait of a person with a professional polished business look
images/naturel/naturel_000176.jpg,naturel,0.386,a portrait of a person with a natural fresh no-makeup look
images/naturel/naturel_000178.jpg,naturel,0.592,a portrait of a person with a natural fresh no-makeup look
images/naturel/naturel_000179.jpg,naturel,0.7017,a portrait of a person with a natural fresh no-makeup look
images/naturel/naturel_000180.jpg,naturel,0.5858,a portrait of a person with a natural fresh no-makeup look
images/boheme/boheme_000181.jpg,boheme,0.265,a portrait of a person with a bohemian artistic free-spirited look
images/elegant/elegant_000183.jpg,elegant,0.4329,a portrait of a person with an elegant sophisticated evening look
images/boheme/boheme_000185.jpg,boheme,0.2346,a portrait of a person with a bohemian artistic free-spirited look
images/professionnel/professionnel_000186.jpg,professionnel,0.2746,a portrait of a person with a professional polished business look
images/professionnel/professionnel_000187.jpg,professionnel,0.3547,a portrait of a person with a professional polished business look
images/naturel/naturel_000191.jpg,naturel,0.2623,a portrait of a person with a natural fresh no-makeup look
images/professionnel/professionnel_000192.jpg,professionnel,0.4291,a portrait of a person with a professional polished business look
images/professionnel/professionnel_000194.jpg,professionnel,0.7821,a portrait of a person with a professional polished business look
images/professionnel/professionnel_000197.jpg,professionnel,0.4866,a portrait of a person with a professional polished business look
images/naturel/naturel_000198.jpg,naturel,0.3839,a portrait of a person with a natural fresh no-makeup look
images/boheme/boheme_000200.jpg,boheme,0.367,a portrait of a person with a bohemian artistic free-spirited look
images/glamour/glamour_000201.jpg,glamour,0.3312,a portrait of a person with a glamorous bold makeup look
images/boheme/boheme_000202.jpg,boheme,0.5274,a portrait of a person with a bohemian artistic free-spirited look
images/minimaliste/minimaliste_000203.jpg,minimaliste,0.3023,a portrait of a person with a minimalist clean simple look
images/naturel/naturel_000204.jpg,naturel,0.2955,a portrait of a person with a natural fresh no-makeup look
images/minimaliste/minimaliste_000205.jpg,minimaliste,0.3217,a portrait of a person with a minimalist clean simple look
images/doux/doux_000207.jpg,doux,0.2125,a portrait of a person with a soft romantic gentle makeup look
images/minimaliste/minimaliste_000208.jpg,minimaliste,0.3802,a portrait of a person with a minimalist clean simple look
images/professionnel/professionnel_000209.jpg,professionnel,0.4196,a portrait of a person with a professional polished business look
images/naturel/naturel_000211.jpg,naturel,0.4801,a portrait of a person with a natural fresh no-makeup look
images/minimaliste/minimaliste_000212.jpg,minimaliste,0.393,a portrait of a person with a minimalist clean simple look
images/minimaliste/minimaliste_000213.jpg,minimaliste,0.535,a portrait of a person with a minimalist clean simple look
images/minimaliste/minimaliste_000214.jpg,minimaliste,0.3297,a portrait of a person with a minimalist clean simple look
images/minimaliste/minimaliste_000215.jpg,minimaliste,0.5435,a portrait of a person with a minimalist clean simple look
images/glamour/glamour_000216.jpg,glamour,0.2599,a portrait of a person with a glamorous bold makeup look
images/elegant/elegant_000217.jpg,elegant,0.2229,a portrait of a person with an elegant sophisticated evening look
images/naturel/naturel_000218.jpg,naturel,0.4163,a portrait of a person with a natural fresh no-makeup look
images/professionnel/professionnel_000219.jpg,professionnel,0.5405,a portrait of a person with a professional polished business look
images/professionnel/professionnel_000221.jpg,professionnel,0.5501,a portrait of a person with a professional polished business look
images/naturel/naturel_000222.jpg,naturel,0.3448,a portrait of a person with a natural fresh no-makeup look
images/naturel/naturel_000225.jpg,naturel,0.3169,a portrait of a person with a natural fresh no-makeup look
images/naturel/naturel_000228.jpg,naturel,0.7398,a portrait of a person with a natural fresh no-makeup look
images/professionnel/professionnel_000230.jpg,professionnel,0.7418,a portrait of a person with a professional polished business look
images/boheme/boheme_000232.jpg,boheme,0.2515,a portrait of a person with a bohemian artistic free-spirited look
images/minimaliste/minimaliste_000235.jpg,minimaliste,0.3424,a portrait of a person with a minimalist clean simple look
images/minimaliste/minimaliste_000239.jpg,minimaliste,0.2256,a portrait of a person with a minimalist clean simple look
images/naturel/naturel_000241.jpg,naturel,0.3967,a portrait of a person with a natural fresh no-makeup look
images/glamour/glamour_000246.jpg,glamour,0.283,a portrait of a person with a glamorous bold makeup look
images/naturel/naturel_000247.jpg,naturel,0.624,a portrait of a person with a natural fresh no-makeup look
images/professionnel/professionnel_000248.jpg,professionnel,0.8096,a portrait of a person with a professional polished business look
images/naturel/naturel_000249.jpg,naturel,0.1991,a portrait of a person with a natural fresh no-makeup look
images/professionnel/professionnel_000250.jpg,professionnel,0.4403,a portrait of a person with a professional polished business look
images/naturel/naturel_000254.jpg,naturel,0.2278,a portrait of a person with a natural fresh no-makeup look
images/naturel/naturel_000255.jpg,naturel,0.2147,a portrait of a person with a natural fresh no-makeup look
images/naturel/naturel_000256.jpg,naturel,0.5189,a portrait of a person with a natural fresh no-makeup look
images/glamour/glamour_000257.jpg,glamour,0.3026,a portrait of a person with a glamorous bold makeup look
images/glamour/glamour_000258.jpg,glamour,0.5357,a portrait of a person with a glamorous bold makeup look
images/naturel/naturel_000259.jpg,naturel,0.1783,a portrait of a person with a natural fresh no-makeup look
images/naturel/naturel_000260.jpg,naturel,0.2859,a portrait of a person with a natural fresh no-makeup look
images/boheme/boheme_000261.jpg,boheme,0.319,a portrait of a person with a bohemian artistic free-spirited look
images/glamour/glamour_000262.jpg,glamour,0.3237,a portrait of a person with a glamorous bold makeup look
images/doux/doux_000263.jpg,doux,0.3266,a portrait of a person with a soft romantic gentle makeup look
images/professionnel/professionnel_000264.jpg,professionnel,0.7648,a portrait of a person with a professional polished business look
images/naturel/naturel_000267.jpg,naturel,0.3759,a portrait of a person with a natural fresh no-makeup look
images/elegant/elegant_000268.jpg,elegant,0.3081,a portrait of a person with an elegant sophisticated evening look
images/glamour/glamour_000269.jpg,glamour,0.2132,a portrait of a person with a glamorous bold makeup look
images/naturel/naturel_000270.jpg,naturel,0.4404,a portrait of a person with a natural fresh no-makeup look
images/professionnel/professionnel_000271.jpg,professionnel,0.2586,a portrait of a person with a professional polished business look
images/minimaliste/minimaliste_000272.jpg,minimaliste,0.2395,a portrait of a person with a minimalist clean simple look
images/doux/doux_000273.jpg,doux,0.3595,a portrait of a person with a soft romantic gentle makeup look
images/professionnel/professionnel_000274.jpg,professionnel,0.8213,a portrait of a person with a professional polished business look
images/elegant/elegant_000277.jpg,elegant,0.2686,a portrait of a person with an elegant sophisticated evening look
images/glamour/glamour_000278.jpg,glamour,0.2819,a portrait of a person with a glamorous bold makeup look
images/glamour/glamour_000279.jpg,glamour,0.2955,a portrait of a person with a glamorous bold makeup look
images/elegant/elegant_000280.jpg,elegant,0.2282,a portrait of a person with an elegant sophisticated evening look
images/professionnel/professionnel_000284.jpg,professionnel,0.4322,a portrait of a person with a professional polished business look
images/doux/doux_000285.jpg,doux,0.2637,a portrait of a person with a soft romantic gentle makeup look
images/professionnel/professionnel_000286.jpg,professionnel,0.6091,a portrait of a person with a professional polished business look
images/glamour/glamour_000287.jpg,glamour,0.2535,a portrait of a person with a glamorous bold makeup look
images/boheme/boheme_000288.jpg,boheme,0.2449,a portrait of a person with a bohemian artistic free-spirited look
images/naturel/naturel_000289.jpg,naturel,0.6048,a portrait of a person with a natural fresh no-makeup look
images/glamour/glamour_000291.jpg,glamour,0.2767,a portrait of a person with a glamorous bold makeup look
images/professionnel/professionnel_000296.jpg,professionnel,0.3372,a portrait of a person with a professional polished business look
images/professionnel/professionnel_000297.jpg,professionnel,0.6494,a portrait of a person with a professional polished business look
images/professionnel/professionnel_000299.jpg,professionnel,0.6377,a portrait of a person with a professional polished business look
images/naturel/naturel_000301.jpg,naturel,0.4592,a portrait of a person with a natural fresh no-makeup look
images/naturel/naturel_000302.jpg,naturel,0.6169,a portrait of a person with a natural fresh no-makeup look
images/glamour/glamour_000303.jpg,glamour,0.2368,a portrait of a person with a glamorous bold makeup look
images/naturel/naturel_000304.jpg,naturel,0.306,a portrait of a person with a natural fresh no-makeup look
images/naturel/naturel_000305.jpg,naturel,0.2615,a portrait of a person with a natural fresh no-makeup look
images/professionnel/professionnel_000306.jpg,professionnel,0.7398,a portrait of a person with a professional polished business look
images/professionnel/professionnel_000307.jpg,professionnel,0.3905,a portrait of a person with a professional polished business look
images/boheme/boheme_000311.jpg,boheme,0.2651,a portrait of a person with a bohemian artistic free-spirited look
images/professionnel/professionnel_000313.jpg,professionnel,0.7763,a portrait of a person with a professional polished business look
images/professionnel/professionnel_000317.jpg,professionnel,0.344,a portrait of a person with a professional polished business look
images/professionnel/professionnel_000318.jpg,professionnel,0.5226,a portrait of a person with a professional polished business look
images/naturel/naturel_000322.jpg,naturel,0.3749,a portrait of a person with a natural fresh no-makeup look
images/glamour/glamour_000323.jpg,glamour,0.3838,a portrait of a person with a glamorous bold makeup look
images/professionnel/professionnel_000324.jpg,professionnel,0.8277,a portrait of a person with a professional polished business look
images/naturel/naturel_000325.jpg,naturel,0.2976,a portrait of a person with a natural fresh no-makeup look
images/naturel/naturel_000326.jpg,naturel,0.2508,a portrait of a person with a natural fresh no-makeup look
images/glamour/glamour_000327.jpg,glamour,0.4927,a portrait of a person with a glamorous bold makeup look
images/professionnel/professionnel_000329.jpg,professionnel,0.4502,a portrait of a person with a professional polished business look
images/professionnel/professionnel_000330.jpg,professionnel,0.8322,a portrait of a person with a professional polished business look
images/naturel/naturel_000334.jpg,naturel,0.5286,a portrait of a person with a natural fresh no-makeup look
images/glamour/glamour_000337.jpg,glamour,0.5144,a portrait of a person with a glamorous bold makeup look
images/minimaliste/minimaliste_000339.jpg,minimaliste,0.3297,a portrait of a person with a minimalist clean simple look
images/professionnel/professionnel_000340.jpg,professionnel,0.4278,a portrait of a person with a professional polished business look
images/boheme/boheme_000341.jpg,boheme,0.2639,a portrait of a person with a bohemian artistic free-spirited look
images/glamour/glamour_000343.jpg,glamour,0.4072,a portrait of a person with a glamorous bold makeup look
images/boheme/boheme_000348.jpg,boheme,0.2783,a portrait of a person with a bohemian artistic free-spirited look
images/minimaliste/minimaliste_000351.jpg,minimaliste,0.2264,a portrait of a person with a minimalist clean simple look
images/minimaliste/minimaliste_000352.jpg,minimaliste,0.3529,a portrait of a person with a minimalist clean simple look
images/naturel/naturel_000353.jpg,naturel,0.6181,a portrait of a person with a natural fresh no-makeup look
images/naturel/naturel_000354.jpg,naturel,0.5923,a portrait of a person with a natural fresh no-makeup look
images/professionnel/professionnel_000355.jpg,professionnel,0.525,a portrait of a person with a professional polished business look
images/glamour/glamour_000356.jpg,glamour,0.5511,a portrait of a person with a glamorous bold makeup look
images/naturel/naturel_000357.jpg,naturel,0.3234,a portrait of a person with a natural fresh no-makeup look
images/naturel/naturel_000359.jpg,naturel,0.4454,a portrait of a person with a natural fresh no-makeup look
images/elegant/elegant_000362.jpg,elegant,0.2593,a portrait of a person with an elegant sophisticated evening look
images/professionnel/professionnel_000363.jpg,professionnel,0.5796,a portrait of a person with a professional polished business look
images/elegant/elegant_000364.jpg,elegant,0.2629,a portrait of a person with an elegant sophisticated evening look
images/professionnel/professionnel_000365.jpg,professionnel,0.3101,a portrait of a person with a professional polished business look
images/professionnel/professionnel_000366.jpg,professionnel,0.3739,a portrait of a person with a professional polished business look
images/professionnel/professionnel_000367.jpg,professionnel,0.4031,a portrait of a person with a professional polished business look
images/minimaliste/minimaliste_000368.jpg,minimaliste,0.4405,a portrait of a person with a minimalist clean simple look
images/naturel/naturel_000371.jpg,naturel,0.8776,a portrait of a person with a natural fresh no-makeup look
images/doux/doux_000372.jpg,doux,0.1872,a portrait of a person with a soft romantic gentle makeup look
images/professionnel/professionnel_000376.jpg,professionnel,0.2357,a portrait of a person with a professional polished business look
images/minimaliste/minimaliste_000377.jpg,minimaliste,0.4632,a portrait of a person with a minimalist clean simple look
images/boheme/boheme_000379.jpg,boheme,0.3466,a portrait of a person with a bohemian artistic free-spirited look
images/naturel/naturel_000382.jpg,naturel,0.402,a portrait of a person with a natural fresh no-makeup look
images/minimaliste/minimaliste_000386.jpg,minimaliste,0.5423,a portrait of a person with a minimalist clean simple look
images/naturel/naturel_000387.jpg,naturel,0.3866,a portrait of a person with a natural fresh no-makeup look
images/glamour/glamour_000388.jpg,glamour,0.2902,a portrait of a person with a glamorous bold makeup look
images/professionnel/professionnel_000391.jpg,professionnel,0.3294,a portrait of a person with a professional polished business look
images/naturel/naturel_000394.jpg,naturel,0.3459,a portrait of a person with a natural fresh no-makeup look
images/elegant/elegant_000396.jpg,elegant,0.288,a portrait of a person with an elegant sophisticated evening look
images/doux/doux_000397.jpg,doux,0.2592,a portrait of a person with a soft romantic gentle makeup look
images/glamour/glamour_000399.jpg,glamour,0.409,a portrait of a person with a glamorous bold makeup look
images/minimaliste/minimaliste_000401.jpg,minimaliste,0.2973,a portrait of a person with a minimalist clean simple look
images/minimaliste/minimaliste_000402.jpg,minimaliste,0.4076,a portrait of a person with a minimalist clean simple look
images/doux/doux_000404.jpg,doux,0.1932,a portrait of a person with a soft romantic gentle makeup look
images/minimaliste/minimaliste_000406.jpg,minimaliste,0.2259,a portrait of a person with a minimalist clean simple look
images/glamour/glamour_000407.jpg,glamour,0.2358,a portrait of a person with a glamorous bold makeup look
images/naturel/naturel_000411.jpg,naturel,0.2768,a portrait of a person with a natural fresh no-makeup look
images/minimaliste/minimaliste_000412.jpg,minimaliste,0.3254,a portrait of a person with a minimalist clean simple look
images/professionnel/professionnel_000414.jpg,professionnel,0.3995,a portrait of a person with a professional polished business look
images/minimaliste/minimaliste_000415.jpg,minimaliste,0.3581,a portrait of a person with a minimalist clean simple look
images/glamour/glamour_000419.jpg,glamour,0.2728,a portrait of a person with a glamorous bold makeup look
images/boheme/boheme_000420.jpg,boheme,0.2579,a portrait of a person with a bohemian artistic free-spirited look
images/elegant/elegant_000421.jpg,elegant,0.3504,a portrait of a person with an elegant sophisticated evening look
images/naturel/naturel_000422.jpg,naturel,0.4192,a portrait of a person with a natural fresh no-makeup look
images/professionnel/professionnel_000425.jpg,professionnel,0.7196,a portrait of a person with a professional polished business look
images/naturel/naturel_000426.jpg,naturel,0.2642,a portrait of a person with a natural fresh no-makeup look
images/minimaliste/minimaliste_000427.jpg,minimaliste,0.579,a portrait of a person with a minimalist clean simple look
images/professionnel/professionnel_000428.jpg,professionnel,0.5425,a portrait of a person with a professional polished business look
images/minimaliste/minimaliste_000430.jpg,minimaliste,0.4106,a portrait of a person with a minimalist clean simple look
images/naturel/naturel_000431.jpg,naturel,0.4756,a portrait of a person with a natural fresh no-makeup look
images/professionnel/professionnel_000433.jpg,professionnel,0.4497,a portrait of a person with a professional polished business look
images/naturel/naturel_000435.jpg,naturel,0.7235,a portrait of a person with a natural fresh no-makeup look
images/professionnel/professionnel_000440.jpg,professionnel,0.7868,a portrait of a person with a professional polished business look
images/naturel/naturel_000442.jpg,naturel,0.7367,a portrait of a person with a natural fresh no-makeup look
images/professionnel/professionnel_000443.jpg,professionnel,0.3729,a portrait of a person with a professional polished business look
images/boheme/boheme_000445.jpg,boheme,0.3059,a portrait of a person with a bohemian artistic free-spirited look
images/minimaliste/minimaliste_000446.jpg,minimaliste,0.3944,a portrait of a person with a minimalist clean simple look
images/professionnel/professionnel_000450.jpg,professionnel,0.645,a portrait of a person with a professional polished business look
images/glamour/glamour_000455.jpg,glamour,0.2591,a portrait of a person with a glamorous bold makeup look
images/minimaliste/minimaliste_000456.jpg,minimaliste,0.5253,a portrait of a person with a minimalist clean simple look
images/naturel/naturel_000457.jpg,naturel,0.2907,a portrait of a person with a natural fresh no-makeup look
images/elegant/elegant_000458.jpg,elegant,0.266,a portrait of a person with an elegant sophisticated evening look
images/boheme/boheme_000459.jpg,boheme,0.5015,a portrait of a person with a bohemian artistic free-spirited look
images/doux/doux_000462.jpg,doux,0.2187,a portrait of a person with a soft romantic gentle makeup look
images/glamour/glamour_000463.jpg,glamour,0.3954,a portrait of a person with a glamorous bold makeup look
images/elegant/elegant_000464.jpg,elegant,0.4003,a portrait of a person with an elegant sophisticated evening look
images/professionnel/professionnel_000465.jpg,professionnel,0.3368,a portrait of a person with a professional polished business look
images/minimaliste/minimaliste_000466.jpg,minimaliste,0.2719,a portrait of a person with a minimalist clean simple look
images/naturel/naturel_000467.jpg,naturel,0.2309,a portrait of a person with a natural fresh no-makeup look
images/boheme/boheme_000469.jpg,boheme,0.1947,a portrait of a person with a bohemian artistic free-spirited look
images/professionnel/professionnel_000470.jpg,professionnel,0.5521,a portrait of a person with a professional polished business look
images/naturel/naturel_000471.jpg,naturel,0.8255,a portrait of a person with a natural fresh no-makeup look
images/professionnel/professionnel_000473.jpg,professionnel,0.4379,a portrait of a person with a professional polished business look
images/naturel/naturel_000475.jpg,naturel,0.6984,a portrait of a person with a natural fresh no-makeup look
images/naturel/naturel_000476.jpg,naturel,0.3599,a portrait of a person with a natural fresh no-makeup look
images/professionnel/professionnel_000477.jpg,professionnel,0.4365,a portrait of a person with a professional polished business look
images/naturel/naturel_000478.jpg,naturel,0.3245,a portrait of a person with a natural fresh no-makeup look
images/professionnel/professionnel_000480.jpg,professionnel,0.2577,a portrait of a person with a professional polished business look
images/naturel/naturel_000483.jpg,naturel,0.3212,a portrait of a person with a natural fresh no-makeup look
images/professionnel/professionnel_000484.jpg,professionnel,0.3755,a portrait of a person with a professional polished business look
images/doux/doux_000485.jpg,doux,0.3202,a portrait of a person with a soft romantic gentle makeup look
images/professionnel/professionnel_000486.jpg,professionnel,0.5056,a portrait of a person with a professional polished business look
images/boheme/boheme_000488.jpg,boheme,0.2275,a portrait of a person with a bohemian artistic free-spirited look
images/naturel/naturel_000489.jpg,naturel,0.3669,a portrait of a person with a natural fresh no-makeup look
images/doux/doux_000492.jpg,doux,0.2911,a portrait of a person with a soft romantic gentle makeup look
images/naturel/naturel_000493.jpg,naturel,0.3149,a portrait of a person with a natural fresh no-makeup look
images/glamour/glamour_000494.jpg,glamour,0.2591,a portrait of a person with a glamorous bold makeup look
images/doux/doux_000495.jpg,doux,0.2507,a portrait of a person with a soft romantic gentle makeup look
images/glamour/glamour_000497.jpg,glamour,0.5391,a portrait of a person with a glamorous bold makeup look
images/professionnel/professionnel_000498.jpg,professionnel,0.3815,a portrait of a person with a professional polished business look
images/glamour/glamour_000502.jpg,glamour,0.2769,a portrait of a person with a glamorous bold makeup look
images/naturel/naturel_000504.jpg,naturel,0.679,a portrait of a person with a natural fresh no-makeup look
images/elegant/elegant_000510.jpg,elegant,0.2445,a portrait of a person with an elegant sophisticated evening look
images/doux/doux_000513.jpg,doux,0.3187,a portrait of a person with a soft romantic gentle makeup look
images/glamour/glamour_000514.jpg,glamour,0.2695,a portrait of a person with a glamorous bold makeup look
images/professionnel/professionnel_000515.jpg,professionnel,0.3098,a portrait of a person with a professional polished business look
images/naturel/naturel_000516.jpg,naturel,0.8709,a portrait of a person with a natural fresh no-makeup look
images/naturel/naturel_000519.jpg,naturel,0.2411,a portrait of a person with a natural fresh no-makeup look
images/naturel/naturel_000524.jpg,naturel,0.7814,a portrait of a person with a natural fresh no-makeup look
images/elegant/elegant_000527.jpg,elegant,0.215,a portrait of a person with an elegant sophisticated evening look
images/professionnel/professionnel_000535.jpg,professionnel,0.8141,a portrait of a person with a professional polished business look
images/boheme/boheme_000536.jpg,boheme,0.5225,a portrait of a person with a bohemian artistic free-spirited look
images/professionnel/professionnel_000537.jpg,professionnel,0.7286,a portrait of a person with a professional polished business look
images/glamour/glamour_000539.jpg,glamour,0.2416,a portrait of a person with a glamorous bold makeup look
images/naturel/naturel_000540.jpg,naturel,0.5118,a portrait of a person with a natural fresh no-makeup look
images/naturel/naturel_000541.jpg,naturel,0.5852,a portrait of a person with a natural fresh no-makeup look
images/naturel/naturel_000544.jpg,naturel,0.3824,a portrait of a person with a natural fresh no-makeup look
images/boheme/boheme_000548.jpg,boheme,0.2892,a portrait of a person with a bohemian artistic free-spirited look
images/boheme/boheme_000549.jpg,boheme,0.3775,a portrait of a person with a bohemian artistic free-spirited look
images/professionnel/professionnel_000552.jpg,professionnel,0.3502,a portrait of a person with a professional polished business look
images/naturel/naturel_000553.jpg,naturel,0.6362,a portrait of a person with a natural fresh no-makeup look
images/naturel/naturel_000556.jpg,naturel,0.5772,a portrait of a person with a natural fresh no-makeup look
images/minimaliste/minimaliste_000559.jpg,minimaliste,0.3445,a portrait of a person with a minimalist clean simple look
images/professionnel/professionnel_000560.jpg,professionnel,0.229,a portrait of a person with a professional polished business look
images/professionnel/professionnel_000561.jpg,professionnel,0.2834,a portrait of a person with a professional polished business look
images/glamour/glamour_000562.jpg,glamour,0.5125,a portrait of a person with a glamorous bold makeup look
images/professionnel/professionnel_000563.jpg,professionnel,0.5168,a portrait of a person with a professional polished business look
images/glamour/glamour_000565.jpg,glamour,0.3736,a portrait of a person with a glamorous bold makeup look
images/glamour/glamour_000566.jpg,glamour,0.3624,a portrait of a person with a glamorous bold makeup look
images/naturel/naturel_000567.jpg,naturel,0.2672,a portrait of a person with a natural fresh no-makeup look
images/naturel/naturel_000568.jpg,naturel,0.6116,a portrait of a person with a natural fresh no-makeup look
images/professionnel/professionnel_000571.jpg,professionnel,0.3446,a portrait of a person with a professional polished business look
images/professionnel/professionnel_000572.jpg,professionnel,0.5068,a portrait of a person with a professional polished business look
images/naturel/naturel_000574.jpg,naturel,0.2732,a portrait of a person with a natural fresh no-makeup look
images/naturel/naturel_000576.jpg,naturel,0.7732,a portrait of a person with a natural fresh no-makeup look
images/boheme/boheme_000577.jpg,boheme,0.622,a portrait of a person with a bohemian artistic free-spirited look
images/professionnel/professionnel_000585.jpg,professionnel,0.4987,a portrait of a person with a professional polished business look
images/professionnel/professionnel_000586.jpg,professionnel,0.3236,a portrait of a person with a professional polished business look
images/professionnel/professionnel_000587.jpg,professionnel,0.3686,a portrait of a person with a professional polished business look
images/boheme/boheme_000588.jpg,boheme,0.1816,a portrait of a person with a bohemian artistic free-spirited look
images/naturel/naturel_000589.jpg,naturel,0.6066,a portrait of a person with a natural fresh no-makeup look
images/boheme/boheme_000590.jpg,boheme,0.4032,a portrait of a person with a bohemian artistic free-spirited look
images/minimaliste/minimaliste_000591.jpg,minimaliste,0.4343,a portrait of a person with a minimalist clean simple look
images/professionnel/professionnel_000592.jpg,professionnel,0.7906,a portrait of a person with a professional polished business look
images/professionnel/professionnel_000593.jpg,professionnel,0.3248,a portrait of a person with a professional polished business look
images/doux/doux_000595.jpg,doux,0.26,a portrait of a person with a soft romantic gentle makeup look
images/professionnel/professionnel_000596.jpg,professionnel,0.4028,a portrait of a person with a professional polished business look
images/glamour/glamour_000598.jpg,glamour,0.2724,a portrait of a person with a glamorous bold makeup look
images/glamour/glamour_000599.jpg,glamour,0.3981,a portrait of a person with a glamorous bold makeup look
images/professionnel/professionnel_000604.jpg,professionnel,0.444,a portrait of a person with a professional polished business look
images/naturel/naturel_000605.jpg,naturel,0.3947,a portrait of a person with a natural fresh no-makeup look
images/boheme/boheme_000607.jpg,boheme,0.602,a portrait of a person with a bohemian artistic free-spirited look
images/minimaliste/minimaliste_000609.jpg,minimaliste,0.2727,a portrait of a person with a minimalist clean simple look
images/naturel/naturel_000610.jpg,naturel,0.4165,a portrait of a person with a natural fresh no-makeup look
images/naturel/naturel_000613.jpg,naturel,0.4056,a portrait of a person with a natural fresh no-makeup look
images/glamour/glamour_000616.jpg,glamour,0.2244,a portrait of a person with a glamorous bold makeup look
images/minimaliste/minimaliste_000618.jpg,minimaliste,0.3715,a portrait of a person with a minimalist clean simple look
images/professionnel/professionnel_000619.jpg,professionnel,0.418,a portrait of a person with a professional polished business look
images/professionnel/professionnel_000621.jpg,professionnel,0.4157,a portrait of a person with a professional polished business look
images/naturel/naturel_000622.jpg,naturel,0.3253,a portrait of a person with a natural fresh no-makeup look
images/professionnel/professionnel_000629.jpg,professionnel,0.5547,a portrait of a person with a professional polished business look
images/naturel/naturel_000632.jpg,naturel,0.1898,a portrait of a person with a natural fresh no-makeup look
images/naturel/naturel_000633.jpg,naturel,0.3313,a portrait of a person with a natural fresh no-makeup look
images/naturel/naturel_000634.jpg,naturel,0.41,a portrait of a person with a natural fresh no-makeup look
images/professionnel/professionnel_000636.jpg,professionnel,0.323,a portrait of a person with a professional polished business look
images/naturel/naturel_000638.jpg,naturel,0.3547,a portrait of a person with a natural fresh no-makeup look
images/boheme/boheme_000639.jpg,boheme,0.4152,a portrait of a person with a bohemian artistic free-spirited look
images/naturel/naturel_000640.jpg,naturel,0.7055,a portrait of a person with a natural fresh no-makeup look
images/naturel/naturel_000641.jpg,naturel,0.2604,a portrait of a person with a natural fresh no-makeup look
images/naturel/naturel_000643.jpg,naturel,0.4545,a portrait of a person with a natural fresh no-makeup look
images/naturel/naturel_000645.jpg,naturel,0.3871,a portrait of a person with a natural fresh no-makeup look
images/professionnel/professionnel_000648.jpg,professionnel,0.2825,a portrait of a person with a professional polished business look
images/naturel/naturel_000650.jpg,naturel,0.4205,a portrait of a person with a natural fresh no-makeup look
images/naturel/naturel_000653.jpg,naturel,0.382,a portrait of a person with a natural fresh no-makeup look
images/professionnel/professionnel_000655.jpg,professionnel,0.5161,a portrait of a person with a professional polished business look
images/naturel/naturel_000656.jpg,naturel,0.3971,a portrait of a person with a natural fresh no-makeup look
images/boheme/boheme_000658.jpg,boheme,0.6396,a portrait of a person with a bohemian artistic free-spirited look
images/professionnel/professionnel_000659.jpg,professionnel,0.4293,a portrait of a person with a professional polished business look
images/professionnel/professionnel_000660.jpg,professionnel,0.4115,a portrait of a person with a professional polished business look
images/professionnel/professionnel_000661.jpg,professionnel,0.4056,a portrait of a person with a professional polished business look
images/minimaliste/minimaliste_000662.jpg,minimaliste,0.3885,a portrait of a person with a minimalist clean simple look
images/elegant/elegant_000663.jpg,elegant,0.2232,a portrait of a person with an elegant sophisticated evening look
images/glamour/glamour_000664.jpg,glamour,0.4486,a portrait of a person with a glamorous bold makeup look
images/professionnel/professionnel_000665.jpg,professionnel,0.2575,a portrait of a person with a professional polished business look
images/boheme/boheme_000666.jpg,boheme,0.2757,a portrait of a person with a bohemian artistic free-spirited look
images/naturel/naturel_000668.jpg,naturel,0.3925,a portrait of a person with a natural fresh no-makeup look
images/naturel/naturel_000669.jpg,naturel,0.2272,a portrait of a person with a natural fresh no-makeup look
images/boheme/boheme_000670.jpg,boheme,0.4962,a portrait of a person with a bohemian artistic free-spirited look
images/professionnel/professionnel_000673.jpg,professionnel,0.3328,a portrait of a person with a professional polished business look
images/professionnel/professionnel_000676.jpg,professionnel,0.2636,a portrait of a person with a professional polished business look
images/professionnel/professionnel_000677.jpg,professionnel,0.7617,a portrait of a person with a professional polished business look
images/naturel/naturel_000678.jpg,naturel,0.3884,a portrait of a person with a natural fresh no-makeup look
images/minimaliste/minimaliste_000681.jpg,minimaliste,0.4204,a portrait of a person with a minimalist clean simple look
images/boheme/boheme_000685.jpg,boheme,0.6215,a portrait of a person with a bohemian artistic free-spirited look
images/professionnel/professionnel_000686.jpg,professionnel,0.4581,a portrait of a person with a professional polished business look
images/naturel/naturel_000694.jpg,naturel,0.3662,a portrait of a person with a natural fresh no-makeup look
images/boheme/boheme_000697.jpg,boheme,0.2479,a portrait of a person with a bohemian artistic free-spirited look
images/boheme/boheme_000698.jpg,boheme,0.2581,a portrait of a person with a bohemian artistic free-spirited look
images/naturel/naturel_000699.jpg,naturel,0.7976,a portrait of a person with a natural fresh no-makeup look
images/elegant/elegant_000700.jpg,elegant,0.2852,a portrait of a person with an elegant sophisticated evening look
images/elegant/elegant_000701.jpg,elegant,0.3335,a portrait of a person with an elegant sophisticated evening look
images/naturel/naturel_000703.jpg,naturel,0.4763,a portrait of a person with a natural fresh no-makeup look
images/boheme/boheme_000706.jpg,boheme,0.2699,a portrait of a person with a bohemian artistic free-spirited look
images/naturel/naturel_000709.jpg,naturel,0.4118,a portrait of a person with a natural fresh no-makeup look
images/professionnel/professionnel_000712.jpg,professionnel,0.2911,a portrait of a person with a professional polished business look
images/professionnel/professionnel_000713.jpg,professionnel,0.3625,a portrait of a person with a professional polished business look
images/professionnel/professionnel_000714.jpg,professionnel,0.5548,a portrait of a person with a professional polished business look
images/naturel/naturel_000715.jpg,naturel,0.4089,a portrait of a person with a natural fresh no-makeup look
images/naturel/naturel_000716.jpg,naturel,0.2323,a portrait of a person with a natural fresh no-makeup look
images/elegant/elegant_000718.jpg,elegant,0.2521,a portrait of a person with an elegant sophisticated evening look
images/professionnel/professionnel_000719.jpg,professionnel,0.2926,a portrait of a person with a professional polished business look
images/boheme/boheme_000720.jpg,boheme,0.3096,a portrait of a person with a bohemian artistic free-spirited look
images/professionnel/professionnel_000722.jpg,professionnel,0.4317,a portrait of a person with a professional polished business look
images/minimaliste/minimaliste_000723.jpg,minimaliste,0.334,a portrait of a person with a minimalist clean simple look
images/professionnel/professionnel_000724.jpg,professionnel,0.396,a portrait of a person with a professional polished business look
images/professionnel/professionnel_000730.jpg,professionnel,0.2794,a portrait of a person with a professional polished business look
images/professionnel/professionnel_000735.jpg,professionnel,0.4695,a portrait of a person with a professional polished business look
images/elegant/elegant_000736.jpg,elegant,0.3721,a portrait of a person with an elegant sophisticated evening look
images/naturel/naturel_000737.jpg,naturel,0.2676,a portrait of a person with a natural fresh no-makeup look
images/minimaliste/minimaliste_000738.jpg,minimaliste,0.2395,a portrait of a person with a minimalist clean simple look
images/elegant/elegant_000740.jpg,elegant,0.2655,a portrait of a person with an elegant sophisticated evening look
images/minimaliste/minimaliste_000741.jpg,minimaliste,0.4358,a portrait of a person with a minimalist clean simple look
images/naturel/naturel_000742.jpg,naturel,0.3293,a portrait of a person with a natural fresh no-makeup look
images/professionnel/professionnel_000743.jpg,professionnel,0.369,a portrait of a person with a professional polished business look
images/naturel/naturel_000746.jpg,naturel,0.273,a portrait of a person with a natural fresh no-makeup look
images/boheme/boheme_000748.jpg,boheme,0.3983,a portrait of a person with a bohemian artistic free-spirited look
images/elegant/elegant_000749.jpg,elegant,0.5455,a portrait of a person with an elegant sophisticated evening look
images/naturel/naturel_000751.jpg,naturel,0.5084,a portrait of a person with a natural fresh no-makeup look
images/naturel/naturel_000754.jpg,naturel,0.2113,a portrait of a person with a natural fresh no-makeup look
images/professionnel/professionnel_000756.jpg,professionnel,0.46,a portrait of a person with a professional polished business look
images/naturel/naturel_000758.jpg,naturel,0.3286,a portrait of a person with a natural fresh no-makeup look
images/doux/doux_000759.jpg,doux,0.2483,a portrait of a person with a soft romantic gentle makeup look
images/professionnel/professionnel_000762.jpg,professionnel,0.5589,a portrait of a person with a professional polished business look
images/glamour/glamour_000763.jpg,glamour,0.3975,a portrait of a person with a glamorous bold makeup look
images/minimaliste/minimaliste_000767.jpg,minimaliste,0.2453,a portrait of a person with a minimalist clean simple look
images/boheme/boheme_000768.jpg,boheme,0.2861,a portrait of a person with a bohemian artistic free-spirited look
images/professionnel/professionnel_000773.jpg,professionnel,0.312,a portrait of a person with a professional polished business look
images/minimaliste/minimaliste_000774.jpg,minimaliste,0.2602,a portrait of a person with a minimalist clean simple look
images/professionnel/professionnel_000775.jpg,professionnel,0.4746,a portrait of a person with a professional polished business look
images/naturel/naturel_000776.jpg,naturel,0.7898,a portrait of a person with a natural fresh no-makeup look
images/boheme/boheme_000777.jpg,boheme,0.3025,a portrait of a person with a bohemian artistic free-spirited look
images/elegant/elegant_000781.jpg,elegant,0.2904,a portrait of a person with an elegant sophisticated evening look
images/minimaliste/minimaliste_000783.jpg,minimaliste,0.1784,a portrait of a person with a minimalist clean simple look
images/minimaliste/minimaliste_000784.jpg,minimaliste,0.3593,a portrait of a person with a minimalist clean simple look
images/naturel/naturel_000785.jpg,naturel,0.5483,a portrait of a person with a natural fresh no-makeup look
images/elegant/elegant_000786.jpg,elegant,0.497,a portrait of a person with an elegant sophisticated evening look
images/professionnel/professionnel_000790.jpg,professionnel,0.5607,a portrait of a person with a professional polished business look
images/professionnel/professionnel_000791.jpg,professionnel,0.4557,a portrait of a person with a professional polished business look
images/boheme/boheme_000793.jpg,boheme,0.2841,a portrait of a person with a bohemian artistic free-spirited look
images/professionnel/professionnel_000794.jpg,professionnel,0.2318,a portrait of a person with a professional polished business look
images/professionnel/professionnel_000796.jpg,professionnel,0.3666,a portrait of a person with a professional polished business look
images/boheme/boheme_000797.jpg,boheme,0.3032,a portrait of a person with a bohemian artistic free-spirited look
images/minimaliste/minimaliste_000798.jpg,minimaliste,0.3837,a portrait of a person with a minimalist clean simple look
images/naturel/naturel_000799.jpg,naturel,0.4136,a portrait of a person with a natural fresh no-makeup look
images/naturel/naturel_000800.jpg,naturel,0.4722,a portrait of a person with a natural fresh no-makeup look
images/professionnel/professionnel_000801.jpg,professionnel,0.5858,a portrait of a person with a professional polished business look
images/professionnel/professionnel_000803.jpg,professionnel,0.4535,a portrait of a person with a professional polished business look
images/naturel/naturel_000804.jpg,naturel,0.2317,a portrait of a person with a natural fresh no-makeup look
images/naturel/naturel_000806.jpg,naturel,0.3677,a portrait of a person with a natural fresh no-makeup look
images/naturel/naturel_000809.jpg,naturel,0.3415,a portrait of a person with a natural fresh no-makeup look
images/naturel/naturel_000814.jpg,naturel,0.3022,a portrait of a person with a natural fresh no-makeup look
images/naturel/naturel_000819.jpg,naturel,0.5357,a portrait of a person with a natural fresh no-makeup look
images/elegant/elegant_000821.jpg,elegant,0.3155,a portrait of a person with an elegant sophisticated evening look
images/naturel/naturel_000822.jpg,naturel,0.3591,a portrait of a person with a natural fresh no-makeup look
images/minimaliste/minimaliste_000825.jpg,minimaliste,0.3356,a portrait of a person with a minimalist clean simple look
images/naturel/naturel_000828.jpg,naturel,0.6208,a portrait of a person with a natural fresh no-makeup look
images/professionnel/professionnel_000829.jpg,professionnel,0.2473,a portrait of a person with a professional polished business look
images/glamour/glamour_000831.jpg,glamour,0.2904,a portrait of a person with a glamorous bold makeup look
images/naturel/naturel_000835.jpg,naturel,0.7893,a portrait of a person with a natural fresh no-makeup look
images/professionnel/professionnel_000844.jpg,professionnel,0.3681,a portrait of a person with a professional polished business look
images/professionnel/professionnel_000846.jpg,professionnel,0.743,a portrait of a person with a professional polished business look
images/minimaliste/minimaliste_000847.jpg,minimaliste,0.4162,a portrait of a person with a minimalist clean simple look
images/glamour/glamour_000849.jpg,glamour,0.3384,a portrait of a person with a glamorous bold makeup look
images/glamour/glamour_000856.jpg,glamour,0.3935,a portrait of a person with a glamorous bold makeup look
images/elegant/elegant_000857.jpg,elegant,0.2083,a portrait of a person with an elegant sophisticated evening look
images/minimaliste/minimaliste_000858.jpg,minimaliste,0.4107,a portrait of a person with a minimalist clean simple look
images/elegant/elegant_000860.jpg,elegant,0.253,a portrait of a person with an elegant sophisticated evening look
images/minimaliste/minimaliste_000861.jpg,minimaliste,0.3579,a portrait of a person with a minimalist clean simple look
images/naturel/naturel_000865.jpg,naturel,0.4281,a portrait of a person with a natural fresh no-makeup look
images/glamour/glamour_000868.jpg,glamour,0.3047,a portrait of a person with a glamorous bold makeup look
images/boheme/boheme_000869.jpg,boheme,0.5657,a portrait of a person with a bohemian artistic free-spirited look
images/boheme/boheme_000870.jpg,boheme,0.461,a portrait of a person with a bohemian artistic free-spirited look
images/naturel/naturel_000871.jpg,naturel,0.6097,a portrait of a person with a natural fresh no-makeup look
images/naturel/naturel_000872.jpg,naturel,0.8119,a portrait of a person with a natural fresh no-makeup look
images/naturel/naturel_000874.jpg,naturel,0.5539,a portrait of a person with a natural fresh no-makeup look
images/professionnel/professionnel_000875.jpg,professionnel,0.4924,a portrait of a person with a professional polished business look
images/doux/doux_000876.jpg,doux,0.2186,a portrait of a person with a soft romantic gentle makeup look
images/professionnel/professionnel_000879.jpg,professionnel,0.5805,a portrait of a person with a professional polished business look
images/elegant/elegant_000882.jpg,elegant,0.2702,a portrait of a person with an elegant sophisticated evening look
images/boheme/boheme_000883.jpg,boheme,0.2007,a portrait of a person with a bohemian artistic free-spirited look
images/doux/doux_000890.jpg,doux,0.2961,a portrait of a person with a soft romantic gentle makeup look
images/minimaliste/minimaliste_000892.jpg,minimaliste,0.5131,a portrait of a person with a minimalist clean simple look
images/doux/doux_000893.jpg,doux,0.2348,a portrait of a person with a soft romantic gentle makeup look
images/doux/doux_000894.jpg,doux,0.3154,a portrait of a person with a soft romantic gentle makeup look
images/naturel/naturel_000895.jpg,naturel,0.4342,a portrait of a person with a natural fresh no-makeup look
images/glamour/glamour_000896.jpg,glamour,0.352,a portrait of a person with a glamorous bold makeup look
images/boheme/boheme_000897.jpg,boheme,0.3659,a portrait of a person with a bohemian artistic free-spirited look
images/boheme/boheme_000899.jpg,boheme,0.3178,a portrait of a person with a bohemian artistic free-spirited look
images/naturel/naturel_000902.jpg,naturel,0.3748,a portrait of a person with a natural fresh no-makeup look
images/professionnel/professionnel_000903.jpg,professionnel,0.4341,a portrait of a person with a professional polished business look
images/doux/doux_000908.jpg,doux,0.238,a portrait of a person with a soft romantic gentle makeup look
images/professionnel/professionnel_000910.jpg,professionnel,0.2149,a portrait of a person with a professional polished business look
images/naturel/naturel_000912.jpg,naturel,0.3737,a portrait of a person with a natural fresh no-makeup look
images/minimaliste/minimaliste_000913.jpg,minimaliste,0.3844,a portrait of a person with a minimalist clean simple look
images/professionnel/professionnel_000914.jpg,professionnel,0.5305,a portrait of a person with a professional polished business look
images/minimaliste/minimaliste_000915.jpg,minimaliste,0.4107,a portrait of a person with a minimalist clean simple look
images/glamour/glamour_000916.jpg,glamour,0.2978,a portrait of a person with a glamorous bold makeup look
images/boheme/boheme_000917.jpg,boheme,0.2151,a portrait of a person with a bohemian artistic free-spirited look
images/elegant/elegant_000918.jpg,elegant,0.2143,a portrait of a person with an elegant sophisticated evening look
images/naturel/naturel_000919.jpg,naturel,0.8976,a portrait of a person with a natural fresh no-makeup look
images/elegant/elegant_000920.jpg,elegant,0.3435,a portrait of a person with an elegant sophisticated evening look
images/minimaliste/minimaliste_000923.jpg,minimaliste,0.477,a portrait of a person with a minimalist clean simple look
images/naturel/naturel_000924.jpg,naturel,0.4621,a portrait of a person with a natural fresh no-makeup look
images/glamour/glamour_000925.jpg,glamour,0.309,a portrait of a person with a glamorous bold makeup look
images/doux/doux_000927.jpg,doux,0.2226,a portrait of a person with a soft romantic gentle makeup look
images/professionnel/professionnel_000929.jpg,professionnel,0.345,a portrait of a person with a professional polished business look
images/elegant/elegant_000934.jpg,elegant,0.2899,a portrait of a person with an elegant sophisticated evening look
images/naturel/naturel_000937.jpg,naturel,0.6154,a portrait of a person with a natural fresh no-makeup look
images/professionnel/professionnel_000938.jpg,professionnel,0.8605,a portrait of a person with a professional polished business look
images/boheme/boheme_000939.jpg,boheme,0.3448,a portrait of a person with a bohemian artistic free-spirited look
images/naturel/naturel_000940.jpg,naturel,0.2279,a portrait of a person with a natural fresh no-makeup look
images/boheme/boheme_000941.jpg,boheme,0.3828,a portrait of a person with a bohemian artistic free-spirited look
images/naturel/naturel_000943.jpg,naturel,0.2954,a portrait of a person with a natural fresh no-makeup look
images/minimaliste/minimaliste_000944.jpg,minimaliste,0.5262,a portrait of a person with a minimalist clean simple look
images/glamour/glamour_000945.jpg,glamour,0.3335,a portrait of a person with a glamorous bold makeup look
images/naturel/naturel_000948.jpg,naturel,0.4014,a portrait of a person with a natural fresh no-makeup look
images/glamour/glamour_000950.jpg,glamour,0.5727,a portrait of a person with a glamorous bold makeup look
images/naturel/naturel_000952.jpg,naturel,0.4791,a portrait of a person with a natural fresh no-makeup look
images/professionnel/professionnel_000954.jpg,professionnel,0.3715,a portrait of a person with a professional polished business look
images/naturel/naturel_000956.jpg,naturel,0.6935,a portrait of a person with a natural fresh no-makeup look
images/professionnel/professionnel_000958.jpg,professionnel,0.6366,a portrait of a person with a professional polished business look
images/naturel/naturel_000961.jpg,naturel,0.7648,a portrait of a person with a natural fresh no-makeup look
images/professionnel/professionnel_000966.jpg,professionnel,0.3994,a portrait of a person with a professional polished business look
images/professionnel/professionnel_000969.jpg,professionnel,0.4607,a portrait of a person with a professional polished business look
images/elegant/elegant_000970.jpg,elegant,0.2433,a portrait of a person with an elegant sophisticated evening look
images/minimaliste/minimaliste_000971.jpg,minimaliste,0.3368,a portrait of a person with a minimalist clean simple look
images/naturel/naturel_000972.jpg,naturel,0.679,a portrait of a person with a natural fresh no-makeup look
images/professionnel/professionnel_000973.jpg,professionnel,0.8851,a portrait of a person with a professional polished business look
images/elegant/elegant_000976.jpg,elegant,0.3223,a portrait of a person with an elegant sophisticated evening look
images/professionnel/professionnel_000977.jpg,professionnel,0.5324,a portrait of a person with a professional polished business look
images/doux/doux_000980.jpg,doux,0.2325,a portrait of a person with a soft romantic gentle makeup look
images/naturel/naturel_000982.jpg,naturel,0.3168,a portrait of a person with a natural fresh no-makeup look
images/naturel/naturel_000988.jpg,naturel,0.5131,a portrait of a person with a natural fresh no-makeup look
images/naturel/naturel_000989.jpg,naturel,0.2766,a portrait of a person with a natural fresh no-makeup look
images/naturel/naturel_000990.jpg,naturel,0.3917,a portrait of a person with a natural fresh no-makeup look
images/naturel/naturel_000991.jpg,naturel,0.3141,a portrait of a person with a natural fresh no-makeup look
images/professionnel/professionnel_000992.jpg,professionnel,0.418,a portrait of a person with a professional polished business look
images/professionnel/professionnel_000993.jpg,professionnel,0.3121,a portrait of a person with a professional polished business look
images/professionnel/professionnel_000994.jpg,professionnel,0.453,a portrait of a person with a professional polished business look
images/naturel/naturel_000995.jpg,naturel,0.3013,a portrait of a person with a natural fresh no-makeup look
images/professionnel/professionnel_000996.jpg,professionnel,0.3558,a portrait of a person with a professional polished business look
images/glamour/glamour_000998.jpg,glamour,0.2315,a portrait of a person with a glamorous bold makeup look
images/naturel/naturel_001001.jpg,naturel,0.3836,a portrait of a person with a natural fresh no-makeup look
images/naturel/naturel_001009.jpg,naturel,0.2905,a portrait of a person with a natural fresh no-makeup look
images/glamour/glamour_001010.jpg,glamour,0.5429,a portrait of a person with a glamorous bold makeup look
images/naturel/naturel_001013.jpg,naturel,0.2704,a portrait of a person with a natural fresh no-makeup look
images/glamour/glamour_001015.jpg,glamour,0.3318,a portrait of a person with a glamorous bold makeup look
images/naturel/naturel_001018.jpg,naturel,0.5746,a portrait of a person with a natural fresh no-makeup look
images/professionnel/professionnel_001020.jpg,professionnel,0.2815,a portrait of a person with a professional polished business look
images/glamour/glamour_001021.jpg,glamour,0.3713,a portrait of a person with a glamorous bold makeup look
images/professionnel/professionnel_001023.jpg,professionnel,0.2024,a portrait of a person with a professional polished business look
images/professionnel/professionnel_001028.jpg,professionnel,0.2659,a portrait of a person with a professional polished business look
images/naturel/naturel_001031.jpg,naturel,0.5592,a portrait of a person with a natural fresh no-makeup look
images/professionnel/professionnel_001035.jpg,professionnel,0.3638,a portrait of a person with a professional polished business look
images/minimaliste/minimaliste_001036.jpg,minimaliste,0.4639,a portrait of a person with a minimalist clean simple look
images/doux/doux_001039.jpg,doux,0.2603,a portrait of a person with a soft romantic gentle makeup look
images/naturel/naturel_001045.jpg,naturel,0.26,a portrait of a person with a natural fresh no-makeup look
images/professionnel/professionnel_001048.jpg,professionnel,0.3623,a portrait of a person with a professional polished business look
images/minimaliste/minimaliste_001059.jpg,minimaliste,0.2853,a portrait of a person with a minimalist clean simple look
images/naturel/naturel_001062.jpg,naturel,0.8755,a portrait of a person with a natural fresh no-makeup look
images/professionnel/professionnel_001063.jpg,professionnel,0.3379,a portrait of a person with a professional polished business look
images/professionnel/professionnel_001065.jpg,professionnel,0.8128,a portrait of a person with a professional polished business look
images/naturel/naturel_001067.jpg,naturel,0.6131,a portrait of a person with a natural fresh no-makeup look
images/naturel/naturel_001068.jpg,naturel,0.327,a portrait of a person with a natural fresh no-makeup look
images/glamour/glamour_001069.jpg,glamour,0.385,a portrait of a person with a glamorous bold makeup look
images/naturel/naturel_001070.jpg,naturel,0.4697,a portrait of a person with a natural fresh no-makeup look
images/glamour/glamour_001071.jpg,glamour,0.2782,a portrait of a person with a glamorous bold makeup look
images/naturel/naturel_001075.jpg,naturel,0.2796,a portrait of a person with a natural fresh no-makeup look
images/glamour/glamour_001076.jpg,glamour,0.4594,a portrait of a person with a glamorous bold makeup look
images/naturel/naturel_001080.jpg,naturel,0.6116,a portrait of a person with a natural fresh no-makeup look
images/elegant/elegant_001084.jpg,elegant,0.3024,a portrait of a person with an elegant sophisticated evening look
images/professionnel/professionnel_001085.jpg,professionnel,0.1836,a portrait of a person with a professional polished business look
images/naturel/naturel_001087.jpg,naturel,0.4848,a portrait of a person with a natural fresh no-makeup look
images/elegant/elegant_001091.jpg,elegant,0.2944,a portrait of a person with an elegant sophisticated evening look
images/professionnel/professionnel_001095.jpg,professionnel,0.5943,a portrait of a person with a professional polished business look
images/glamour/glamour_001102.jpg,glamour,0.3487,a portrait of a person with a glamorous bold makeup look
images/naturel/naturel_001103.jpg,naturel,0.4118,a portrait of a person with a natural fresh no-makeup look
images/minimaliste/minimaliste_001104.jpg,minimaliste,0.3665,a portrait of a person with a minimalist clean simple look
images/professionnel/professionnel_001106.jpg,professionnel,0.3613,a portrait of a person with a professional polished business look
images/naturel/naturel_001108.jpg,naturel,0.3595,a portrait of a person with a natural fresh no-makeup look
images/glamour/glamour_001118.jpg,glamour,0.3402,a portrait of a person with a glamorous bold makeup look
images/elegant/elegant_001122.jpg,elegant,0.3084,a portrait of a person with an elegant sophisticated evening look
images/elegant/elegant_001128.jpg,elegant,0.2341,a portrait of a person with an elegant sophisticated evening look
images/glamour/glamour_001138.jpg,glamour,0.3026,a portrait of a person with a glamorous bold makeup look
images/professionnel/professionnel_001142.jpg,professionnel,0.317,a portrait of a person with a professional polished business look
images/elegant/elegant_001145.jpg,elegant,0.3522,a portrait of a person with an elegant sophisticated evening look
images/naturel/naturel_001149.jpg,naturel,0.3868,a portrait of a person with a natural fresh no-makeup look
images/naturel/naturel_001150.jpg,naturel,0.3779,a portrait of a person with a natural fresh no-makeup look
images/naturel/naturel_001152.jpg,naturel,0.5708,a portrait of a person with a natural fresh no-makeup look
images/glamour/glamour_001153.jpg,glamour,0.3629,a portrait of a person with a glamorous bold makeup look
images/boheme/boheme_001154.jpg,boheme,0.2055,a portrait of a person with a bohemian artistic free-spirited look
images/professionnel/professionnel_001155.jpg,professionnel,0.2616,a portrait of a person with a professional polished business look
images/boheme/boheme_001157.jpg,boheme,0.3685,a portrait of a person with a bohemian artistic free-spirited look
images/naturel/naturel_001158.jpg,naturel,0.3467,a portrait of a person with a natural fresh no-makeup look
images/minimaliste/minimaliste_001161.jpg,minimaliste,0.3231,a portrait of a person with a minimalist clean simple look
images/boheme/boheme_001162.jpg,boheme,0.3517,a portrait of a person with a bohemian artistic free-spirited look
images/professionnel/professionnel_001164.jpg,professionnel,0.5565,a portrait of a person with a professional polished business look
images/minimaliste/minimaliste_001168.jpg,minimaliste,0.4161,a portrait of a person with a minimalist clean simple look
images/professionnel/professionnel_001169.jpg,professionnel,0.3187,a portrait of a person with a professional polished business look
images/professionnel/professionnel_001173.jpg,professionnel,0.3189,a portrait of a person with a professional polished business look
images/naturel/naturel_001174.jpg,naturel,0.445,a portrait of a person with a natural fresh no-makeup look
images/professionnel/professionnel_001177.jpg,professionnel,0.72,a portrait of a person with a professional polished business look
images/doux/doux_001179.jpg,doux,0.2214,a portrait of a person with a soft romantic gentle makeup look
images/naturel/naturel_001181.jpg,naturel,0.5352,a portrait of a person with a natural fresh no-makeup look
images/doux/doux_001182.jpg,doux,0.3696,a portrait of a person with a soft romantic gentle makeup look
images/naturel/naturel_001186.jpg,naturel,0.2162,a portrait of a person with a natural fresh no-makeup look
images/professionnel/professionnel_001196.jpg,professionnel,0.4742,a portrait of a person with a professional polished business look
images/naturel/naturel_001198.jpg,naturel,0.5002,a portrait of a person with a natural fresh no-makeup look
images/professionnel/professionnel_001199.jpg,professionnel,0.4894,a portrait of a person with a professional polished business look
images/naturel/naturel_001200.jpg,naturel,0.3684,a portrait of a person with a natural fresh no-makeup look
images/elegant/elegant_001201.jpg,elegant,0.3101,a portrait of a person with an elegant sophisticated evening look
images/naturel/naturel_001203.jpg,naturel,0.6993,a portrait of a person with a natural fresh no-makeup look
images/boheme/boheme_001205.jpg,boheme,0.2551,a portrait of a person with a bohemian artistic free-spirited look
images/naturel/naturel_001214.jpg,naturel,0.3265,a portrait of a person with a natural fresh no-makeup look
images/minimaliste/minimaliste_001215.jpg,minimaliste,0.3526,a portrait of a person with a minimalist clean simple look
images/professionnel/professionnel_001219.jpg,professionnel,0.3175,a portrait of a person with a professional polished business look
images/professionnel/professionnel_001220.jpg,professionnel,0.5092,a portrait of a person with a professional polished business look
images/naturel/naturel_001221.jpg,naturel,0.4925,a portrait of a person with a natural fresh no-makeup look
images/professionnel/professionnel_001222.jpg,professionnel,0.8316,a portrait of a person with a professional polished business look
images/doux/doux_001223.jpg,doux,0.3085,a portrait of a person with a soft romantic gentle makeup look
images/professionnel/professionnel_001225.jpg,professionnel,0.3578,a portrait of a person with a professional polished business look
images/glamour/glamour_001226.jpg,glamour,0.3749,a portrait of a person with a glamorous bold makeup look
images/professionnel/professionnel_001229.jpg,professionnel,0.2675,a portrait of a person with a professional polished business look
images/minimaliste/minimaliste_001230.jpg,minimaliste,0.5372,a portrait of a person with a minimalist clean simple look
images/naturel/naturel_001232.jpg,naturel,0.3208,a portrait of a person with a natural fresh no-makeup look
images/doux/doux_001234.jpg,doux,0.2823,a portrait of a person with a soft romantic gentle makeup look
images/naturel/naturel_001236.jpg,naturel,0.6122,a portrait of a person with a natural fresh no-makeup look
images/professionnel/professionnel_001237.jpg,professionnel,0.8687,a portrait of a person with a professional polished business look
images/glamour/glamour_001238.jpg,glamour,0.2432,a portrait of a person with a glamorous bold makeup look
images/professionnel/professionnel_001241.jpg,professionnel,0.6975,a portrait of a person with a professional polished business look
images/professionnel/professionnel_001243.jpg,professionnel,0.6161,a portrait of a person with a professional polished business look
images/boheme/boheme_001244.jpg,boheme,0.1862,a portrait of a person with a bohemian artistic free-spirited look
images/minimaliste/minimaliste_001245.jpg,minimaliste,0.3488,a portrait of a person with a minimalist clean simple look
images/professionnel/professionnel_001247.jpg,professionnel,0.4893,a portrait of a person with a professional polished business look
images/glamour/glamour_001248.jpg,glamour,0.3362,a portrait of a person with a glamorous bold makeup look
images/professionnel/professionnel_001250.jpg,professionnel,0.3141,a portrait of a person with a professional polished business look
images/doux/doux_001251.jpg,doux,0.3219,a portrait of a person with a soft romantic gentle makeup look
images/professionnel/professionnel_001252.jpg,professionnel,0.5422,a portrait of a person with a professional polished business look
images/minimaliste/minimaliste_001253.jpg,minimaliste,0.3847,a portrait of a person with a minimalist clean simple look
images/glamour/glamour_001255.jpg,glamour,0.3937,a portrait of a person with a glamorous bold makeup look
images/minimaliste/minimaliste_001257.jpg,minimaliste,0.3962,a portrait of a person with a minimalist clean simple look
images/professionnel/professionnel_001260.jpg,professionnel,0.3521,a portrait of a person with a professional polished business look
images/naturel/naturel_001261.jpg,naturel,0.2585,a portrait of a person with a natural fresh no-makeup look
images/boheme/boheme_001265.jpg,boheme,0.2758,a portrait of a person with a bohemian artistic free-spirited look
images/naturel/naturel_001267.jpg,naturel,0.3514,a portrait of a person with a natural fresh no-makeup look
images/naturel/naturel_001271.jpg,naturel,0.3319,a portrait of a person with a natural fresh no-makeup look
images/elegant/elegant_001277.jpg,elegant,0.3679,a portrait of a person with an elegant sophisticated evening look
images/minimaliste/minimaliste_001288.jpg,minimaliste,0.6962,a portrait of a person with a minimalist clean simple look
images/naturel/naturel_001294.jpg,naturel,0.2473,a portrait of a person with a natural fresh no-makeup look
images/boheme/boheme_001301.jpg,boheme,0.2735,a portrait of a person with a bohemian artistic free-spirited look
images/professionnel/professionnel_001310.jpg,professionnel,0.6239,a portrait of a person with a professional polished business look
images/naturel/naturel_001311.jpg,naturel,0.3186,a portrait of a person with a natural fresh no-makeup look
images/naturel/naturel_001315.jpg,naturel,0.2011,a portrait of a person with a natural fresh no-makeup look
images/naturel/naturel_001316.jpg,naturel,0.4086,a portrait of a person with a natural fresh no-makeup look
images/naturel/naturel_001326.jpg,naturel,0.3245,a portrait of a person with a natural fresh no-makeup look
images/professionnel/professionnel_001327.jpg,professionnel,0.3391,a portrait of a person with a professional polished business look
images/minimaliste/minimaliste_001331.jpg,minimaliste,0.2538,a portrait of a person with a minimalist clean simple look
images/naturel/naturel_001333.jpg,naturel,0.5634,a portrait of a person with a natural fresh no-makeup look
images/minimaliste/minimaliste_001337.jpg,minimaliste,0.3598,a portrait of a person with a minimalist clean simple look
images/doux/doux_001346.jpg,doux,0.2737,a portrait of a person with a soft romantic gentle makeup look
images/professionnel/professionnel_001361.jpg,professionnel,0.3817,a portrait of a person with a professional polished business look
images/doux/doux_001366.jpg,doux,0.2376,a portrait of a person with a soft romantic gentle makeup look
images/naturel/naturel_001367.jpg,naturel,0.2808,a portrait of a person with a natural fresh no-makeup look
images/professionnel/professionnel_001370.jpg,professionnel,0.2936,a portrait of a person with a professional polished business look
images/naturel/naturel_001371.jpg,naturel,0.3624,a portrait of a person with a natural fresh no-makeup look
images/elegant/elegant_001373.jpg,elegant,0.2805,a portrait of a person with an elegant sophisticated evening look
images/glamour/glamour_001374.jpg,glamour,0.2489,a portrait of a person with a glamorous bold makeup look
images/naturel/naturel_001375.jpg,naturel,0.2137,a portrait of a person with a natural fresh no-makeup look
images/glamour/glamour_001377.jpg,glamour,0.4957,a portrait of a person with a glamorous bold makeup look
images/professionnel/professionnel_001381.jpg,professionnel,0.5272,a portrait of a person with a professional polished business look
images/professionnel/professionnel_001388.jpg,professionnel,0.3077,a portrait of a person with a professional polished business look
images/naturel/naturel_001391.jpg,naturel,0.4421,a portrait of a person with a natural fresh no-makeup look
images/elegant/elegant_001392.jpg,elegant,0.3197,a portrait of a person with an elegant sophisticated evening look
images/professionnel/professionnel_001393.jpg,professionnel,0.7265,a portrait of a person with a professional polished business look
images/professionnel/professionnel_001396.jpg,professionnel,0.3249,a portrait of a person with a professional polished business look
images/professionnel/professionnel_001398.jpg,professionnel,0.5948,a portrait of a person with a professional polished business look
images/professionnel/professionnel_001400.jpg,professionnel,0.8482,a portrait of a person with a professional polished business look
images/naturel/naturel_001402.jpg,naturel,0.448,a portrait of a person with a natural fresh no-makeup look
images/doux/doux_001404.jpg,doux,0.256,a portrait of a person with a soft romantic gentle makeup look
images/naturel/naturel_001405.jpg,naturel,0.2859,a portrait of a person with a natural fresh no-makeup look
images/naturel/naturel_001409.jpg,naturel,0.2555,a portrait of a person with a natural fresh no-makeup look
images/naturel/naturel_001411.jpg,naturel,0.6023,a portrait of a person with a natural fresh no-makeup look
images/naturel/naturel_001412.jpg,naturel,0.7062,a portrait of a person with a natural fresh no-makeup look
images/professionnel/professionnel_001413.jpg,professionnel,0.2959,a portrait of a person with a professional polished business look
images/naturel/naturel_001416.jpg,naturel,0.4856,a portrait of a person with a natural fresh no-makeup look
images/professionnel/professionnel_001417.jpg,professionnel,0.5473,a portrait of a person with a professional polished business look
images/naturel/naturel_001419.jpg,naturel,0.2829,a portrait of a person with a natural fresh no-makeup look
images/naturel/naturel_001422.jpg,naturel,0.3212,a portrait of a person with a natural fresh no-makeup look
images/minimaliste/minimaliste_001423.jpg,minimaliste,0.3535,a portrait of a person with a minimalist clean simple look
images/naturel/naturel_001425.jpg,naturel,0.4174,a portrait of a person with a natural fresh no-makeup look
images/elegant/elegant_001429.jpg,elegant,0.3333,a portrait of a person with an elegant sophisticated evening look
images/professionnel/professionnel_001440.jpg,professionnel,0.524,a portrait of a person with a professional polished business look
images/glamour/glamour_001449.jpg,glamour,0.404,a portrait of a person with a glamorous bold makeup look
images/minimaliste/minimaliste_001450.jpg,minimaliste,0.4714,a portrait of a person with a minimalist clean simple look
images/professionnel/professionnel_001451.jpg,professionnel,0.2264,a portrait of a person with a professional polished business look
images/naturel/naturel_001452.jpg,naturel,0.3638,a portrait of a person with a natural fresh no-makeup look
images/naturel/naturel_001453.jpg,naturel,0.2743,a portrait of a person with a natural fresh no-makeup look
images/elegant/elegant_001460.jpg,elegant,0.2441,a portrait of a person with an elegant sophisticated evening look
images/naturel/naturel_001462.jpg,naturel,0.2922,a portrait of a person with a natural fresh no-makeup look
images/elegant/elegant_001475.jpg,elegant,0.2409,a portrait of a person with an elegant sophisticated evening look
images/professionnel/professionnel_001477.jpg,professionnel,0.3093,a portrait of a person with a professional polished business look
images/naturel/naturel_001481.jpg,naturel,0.6792,a portrait of a person with a natural fresh no-makeup look
images/professionnel/professionnel_001483.jpg,professionnel,0.4229,a portrait of a person with a professional polished business look
images/naturel/naturel_001487.jpg,naturel,0.547,a portrait of a person with a natural fresh no-makeup look
images/naturel/naturel_001495.jpg,naturel,0.8013,a portrait of a person with a natural fresh no-makeup look
images/naturel/naturel_001499.jpg,naturel,0.4412,a portrait of a person with a natural fresh no-makeup look
images/boheme/boheme_001502.jpg,boheme,0.3806,a portrait of a person with a bohemian artistic free-spirited look
images/naturel/naturel_001503.jpg,naturel,0.6799,a portrait of a person with a natural fresh no-makeup look
images/naturel/naturel_001518.jpg,naturel,0.3662,a portrait of a person with a natural fresh no-makeup look
images/boheme/boheme_001524.jpg,boheme,0.273,a portrait of a person with a bohemian artistic free-spirited look
images/professionnel/professionnel_001527.jpg,professionnel,0.3747,a portrait of a person with a professional polished business look
images/naturel/naturel_001535.jpg,naturel,0.2434,a portrait of a person with a natural fresh no-makeup look
images/elegant/elegant_001537.jpg,elegant,0.2339,a portrait of a person with an elegant sophisticated evening look
images/minimaliste/minimaliste_001560.jpg,minimaliste,0.3413,a portrait of a person with a minimalist clean simple look
images/professionnel/professionnel_001562.jpg,professionnel,0.6425,a portrait of a person with a professional polished business look
images/boheme/boheme_001565.jpg,boheme,0.2163,a portrait of a person with a bohemian artistic free-spirited look
images/naturel/naturel_001571.jpg,naturel,0.2508,a portrait of a person with a natural fresh no-makeup look
images/professionnel/professionnel_001573.jpg,professionnel,0.7404,a portrait of a person with a professional polished business look
images/professionnel/professionnel_001575.jpg,professionnel,0.204,a portrait of a person with a professional polished business look
images/minimaliste/minimaliste_001580.jpg,minimaliste,0.447,a portrait of a person with a minimalist clean simple look
images/minimaliste/minimaliste_001581.jpg,minimaliste,0.2859,a portrait of a person with a minimalist clean simple look
images/boheme/boheme_001582.jpg,boheme,0.3217,a portrait of a person with a bohemian artistic free-spirited look
images/boheme/boheme_001583.jpg,boheme,0.3002,a portrait of a person with a bohemian artistic free-spirited look
images/naturel/naturel_001587.jpg,naturel,0.255,a portrait of a person with a natural fresh no-makeup look
images/professionnel/professionnel_001588.jpg,professionnel,0.4895,a portrait of a person with a professional polished business look
images/professionnel/professionnel_001589.jpg,professionnel,0.2756,a portrait of a person with a professional polished business look
images/professionnel/professionnel_001591.jpg,professionnel,0.4012,a portrait of a person with a professional polished business look
images/professionnel/professionnel_001594.jpg,professionnel,0.3721,a portrait of a person with a professional polished business look
images/doux/doux_001597.jpg,doux,0.251,a portrait of a person with a soft romantic gentle makeup look
images/minimaliste/minimaliste_001599.jpg,minimaliste,0.4277,a portrait of a person with a minimalist clean simple look
images/professionnel/professionnel_001601.jpg,professionnel,0.3758,a portrait of a person with a professional polished business look
images/glamour/glamour_001604.jpg,glamour,0.2881,a portrait of a person with a glamorous bold makeup look
images/glamour/glamour_001607.jpg,glamour,0.2563,a portrait of a person with a glamorous bold makeup look
images/minimaliste/minimaliste_001610.jpg,minimaliste,0.2768,a portrait of a person with a minimalist clean simple look
images/glamour/glamour_001612.jpg,glamour,0.3362,a portrait of a person with a glamorous bold makeup look
images/doux/doux_001617.jpg,doux,0.3109,a portrait of a person with a soft romantic gentle makeup look
images/naturel/naturel_001619.jpg,naturel,0.3632,a portrait of a person with a natural fresh no-makeup look
images/naturel/naturel_001621.jpg,naturel,0.2997,a portrait of a person with a natural fresh no-makeup look
images/boheme/boheme_001622.jpg,boheme,0.385,a portrait of a person with a bohemian artistic free-spirited look
images/naturel/naturel_001626.jpg,naturel,0.5457,a portrait of a person with a natural fresh no-makeup look
images/boheme/boheme_001632.jpg,boheme,0.4794,a portrait of a person with a bohemian artistic free-spirited look
images/naturel/naturel_001638.jpg,naturel,0.5289,a portrait of a person with a natural fresh no-makeup look
images/naturel/naturel_001639.jpg,naturel,0.3138,a portrait of a person with a natural fresh no-makeup look
images/naturel/naturel_001644.jpg,naturel,0.3566,a portrait of a person with a natural fresh no-makeup look
images/naturel/naturel_001649.jpg,naturel,0.5834,a portrait of a person with a natural fresh no-makeup look
images/naturel/naturel_001651.jpg,naturel,0.7017,a portrait of a person with a natural fresh no-makeup look
images/glamour/glamour_001662.jpg,glamour,0.5864,a portrait of a person with a glamorous bold makeup look
images/naturel/naturel_001664.jpg,naturel,0.257,a portrait of a person with a natural fresh no-makeup look
images/naturel/naturel_001665.jpg,naturel,0.3265,a portrait of a person with a natural fresh no-makeup look
images/professionnel/professionnel_001666.jpg,professionnel,0.3617,a portrait of a person with a professional polished business look
images/naturel/naturel_001668.jpg,naturel,0.6553,a portrait of a person with a natural fresh no-makeup look
images/minimaliste/minimaliste_001669.jpg,minimaliste,0.2909,a portrait of a person with a minimalist clean simple look
images/elegant/elegant_001670.jpg,elegant,0.2899,a portrait of a person with an elegant sophisticated evening look
images/naturel/naturel_001671.jpg,naturel,0.5803,a portrait of a person with a natural fresh no-makeup look
images/professionnel/professionnel_001672.jpg,professionnel,0.2259,a portrait of a person with a professional polished business look
images/naturel/naturel_001680.jpg,naturel,0.4375,a portrait of a person with a natural fresh no-makeup look
images/naturel/naturel_001682.jpg,naturel,0.542,a portrait of a person with a natural fresh no-makeup look
images/naturel/naturel_001683.jpg,naturel,0.369,a portrait of a person with a natural fresh no-makeup look
images/professionnel/professionnel_001684.jpg,professionnel,0.3995,a portrait of a person with a professional polished business look
images/glamour/glamour_001685.jpg,glamour,0.5751,a portrait of a person with a glamorous bold makeup look
images/boheme/boheme_001686.jpg,boheme,0.2614,a portrait of a person with a bohemian artistic free-spirited look
images/minimaliste/minimaliste_001693.jpg,minimaliste,0.2893,a portrait of a person with a minimalist clean simple look
images/naturel/naturel_001696.jpg,naturel,0.8638,a portrait of a person with a natural fresh no-makeup look
images/naturel/naturel_001697.jpg,naturel,0.2214,a portrait of a person with a natural fresh no-makeup look
images/naturel/naturel_001698.jpg,naturel,0.255,a portrait of a person with a natural fresh no-makeup look
images/professionnel/professionnel_001700.jpg,professionnel,0.2907,a portrait of a person with a professional polished business look
images/professionnel/professionnel_001701.jpg,professionnel,0.353,a portrait of a person with a professional polished business look
images/elegant/elegant_001702.jpg,elegant,0.2758,a portrait of a person with an elegant sophisticated evening look
images/doux/doux_001705.jpg,doux,0.2673,a portrait of a person with a soft romantic gentle makeup look
images/glamour/glamour_001708.jpg,glamour,0.2425,a portrait of a person with a glamorous bold makeup look
images/boheme/boheme_001713.jpg,boheme,0.2283,a portrait of a person with a bohemian artistic free-spirited look
images/naturel/naturel_001714.jpg,naturel,0.7182,a portrait of a person with a natural fresh no-makeup look
images/naturel/naturel_001715.jpg,naturel,0.2797,a portrait of a person with a natural fresh no-makeup look
images/professionnel/professionnel_001716.jpg,professionnel,0.6083,a portrait of a person with a professional polished business look
images/glamour/glamour_001719.jpg,glamour,0.314,a portrait of a person with a glamorous bold makeup look
images/naturel/naturel_001723.jpg,naturel,0.3629,a portrait of a person with a natural fresh no-makeup look
images/professionnel/professionnel_001726.jpg,professionnel,0.2849,a portrait of a person with a professional polished business look
images/naturel/naturel_001727.jpg,naturel,0.2825,a portrait of a person with a natural fresh no-makeup look
images/professionnel/professionnel_001729.jpg,professionnel,0.3734,a portrait of a person with a professional polished business look
images/professionnel/professionnel_001730.jpg,professionnel,0.363,a portrait of a person with a professional polished business look
images/naturel/naturel_001733.jpg,naturel,0.4683,a portrait of a person with a natural fresh no-makeup look
images/professionnel/professionnel_001735.jpg,professionnel,0.4507,a portrait of a person with a professional polished business look
images/professionnel/professionnel_001740.jpg,professionnel,0.4929,a portrait of a person with a professional polished business look
images/professionnel/professionnel_001741.jpg,professionnel,0.4,a portrait of a person with a professional polished business look
images/professionnel/professionnel_001742.jpg,professionnel,0.495,a portrait of a person with a professional polished business look
images/doux/doux_001743.jpg,doux,0.3355,a portrait of a person with a soft romantic gentle makeup look
images/boheme/boheme_001744.jpg,boheme,0.6531,a portrait of a person with a bohemian artistic free-spirited look
images/naturel/naturel_001745.jpg,naturel,0.2093,a portrait of a person with a natural fresh no-makeup look
images/naturel/naturel_001747.jpg,naturel,0.263,a portrait of a person with a natural fresh no-makeup look
images/boheme/boheme_001748.jpg,boheme,0.2854,a portrait of a person with a bohemian artistic free-spirited look
images/minimaliste/minimaliste_001749.jpg,minimaliste,0.3209,a portrait of a person with a minimalist clean simple look
images/professionnel/professionnel_001757.jpg,professionnel,0.5526,a portrait of a person with a professional polished business look
images/doux/doux_001760.jpg,doux,0.2207,a portrait of a person with a soft romantic gentle makeup look
images/minimaliste/minimaliste_001762.jpg,minimaliste,0.5434,a portrait of a person with a minimalist clean simple look
images/naturel/naturel_001768.jpg,naturel,0.2949,a portrait of a person with a natural fresh no-makeup look
images/glamour/glamour_001769.jpg,glamour,0.557,a portrait of a person with a glamorous bold makeup look
images/naturel/naturel_001770.jpg,naturel,0.3217,a portrait of a person with a natural fresh no-makeup look
images/elegant/elegant_001771.jpg,elegant,0.3118,a portrait of a person with an elegant sophisticated evening look
images/naturel/naturel_001772.jpg,naturel,0.2558,a portrait of a person with a natural fresh no-makeup look
images/professionnel/professionnel_001776.jpg,professionnel,0.4427,a portrait of a person with a professional polished business look
images/professionnel/professionnel_001779.jpg,professionnel,0.5948,a portrait of a person with a professional polished business look
images/professionnel/professionnel_001780.jpg,professionnel,0.4733,a portrait of a person with a professional polished business look
images/naturel/naturel_001782.jpg,naturel,0.2733,a portrait of a person with a natural fresh no-makeup look
images/naturel/naturel_001787.jpg,naturel,0.3914,a portrait of a person with a natural fresh no-makeup look
images/professionnel/professionnel_001791.jpg,professionnel,0.4477,a portrait of a person with a professional polished business look
images/naturel/naturel_001795.jpg,naturel,0.8258,a portrait of a person with a natural fresh no-makeup look
images/boheme/boheme_001796.jpg,boheme,0.541,a portrait of a person with a bohemian artistic free-spirited look
images/professionnel/professionnel_001797.jpg,professionnel,0.3792,a portrait of a person with a professional polished business look
images/glamour/glamour_001798.jpg,glamour,0.1838,a portrait of a person with a glamorous bold makeup look
images/professionnel/professionnel_001800.jpg,professionnel,0.3368,a portrait of a person with a professional polished business look
images/professionnel/professionnel_001806.jpg,professionnel,0.2482,a portrait of a person with a professional polished business look
images/minimaliste/minimaliste_001807.jpg,minimaliste,0.2516,a portrait of a person with a minimalist clean simple look
images/naturel/naturel_001810.jpg,naturel,0.6481,a portrait of a person with a natural fresh no-makeup look
images/doux/doux_001812.jpg,doux,0.2501,a portrait of a person with a soft romantic gentle makeup look
images/boheme/boheme_001821.jpg,boheme,0.3717,a portrait of a person with a bohemian artistic free-spirited look
images/doux/doux_001824.jpg,doux,0.205,a portrait of a person with a soft romantic gentle makeup look
images/naturel/naturel_001828.jpg,naturel,0.5956,a portrait of a person with a natural fresh no-makeup look
images/elegant/elegant_001829.jpg,elegant,0.3282,a portrait of a person with an elegant sophisticated evening look
images/minimaliste/minimaliste_001832.jpg,minimaliste,0.5343,a portrait of a person with a minimalist clean simple look
images/minimaliste/minimaliste_001835.jpg,minimaliste,0.3589,a portrait of a person with a minimalist clean simple look
images/professionnel/professionnel_001837.jpg,professionnel,0.3077,a portrait of a person with a professional polished business look
images/minimaliste/minimaliste_001838.jpg,minimaliste,0.3919,a portrait of a person with a minimalist clean simple look
images/boheme/boheme_001841.jpg,boheme,0.2951,a portrait of a person with a bohemian artistic free-spirited look
images/boheme/boheme_001846.jpg,boheme,0.5976,a portrait of a person with a bohemian artistic free-spirited look
images/professionnel/professionnel_001851.jpg,professionnel,0.3399,a portrait of a person with a professional polished business look
images/professionnel/professionnel_001854.jpg,professionnel,0.4796,a portrait of a person with a professional polished business look
images/naturel/naturel_001856.jpg,naturel,0.231,a portrait of a person with a natural fresh no-makeup look
images/boheme/boheme_001858.jpg,boheme,0.2363,a portrait of a person with a bohemian artistic free-spirited look
images/glamour/glamour_001860.jpg,glamour,0.4269,a portrait of a person with a glamorous bold makeup look
images/glamour/glamour_001861.jpg,glamour,0.4262,a portrait of a person with a glamorous bold makeup look
images/naturel/naturel_001862.jpg,naturel,0.3552,a portrait of a person with a natural fresh no-makeup look
images/naturel/naturel_001863.jpg,naturel,0.7973,a portrait of a person with a natural fresh no-makeup look
images/naturel/naturel_001867.jpg,naturel,0.214,a portrait of a person with a natural fresh no-makeup look
images/professionnel/professionnel_001872.jpg,professionnel,0.3719,a portrait of a person with a professional polished business look
images/professionnel/professionnel_001874.jpg,professionnel,0.6021,a portrait of a person with a professional polished business look
images/glamour/glamour_001880.jpg,glamour,0.3136,a portrait of a person with a glamorous bold makeup look
images/doux/doux_001881.jpg,doux,0.2322,a portrait of a person with a soft romantic gentle makeup look
images/professionnel/professionnel_001882.jpg,professionnel,0.839,a portrait of a person with a professional polished business look
images/naturel/naturel_001883.jpg,naturel,0.6062,a portrait of a person with a natural fresh no-makeup look
images/minimaliste/minimaliste_001885.jpg,minimaliste,0.5289,a portrait of a person with a minimalist clean simple look
images/naturel/naturel_001886.jpg,naturel,0.492,a portrait of a person with a natural fresh no-makeup look
images/naturel/naturel_001892.jpg,naturel,0.4611,a portrait of a person with a natural fresh no-makeup look
images/naturel/naturel_001893.jpg,naturel,0.2512,a portrait of a person with a natural fresh no-makeup look
images/naturel/naturel_001894.jpg,naturel,0.3913,a portrait of a person with a natural fresh no-makeup look
images/professionnel/professionnel_001897.jpg,professionnel,0.2931,a portrait of a person with a professional polished business look
images/minimaliste/minimaliste_001898.jpg,minimaliste,0.3142,a portrait of a person with a minimalist clean simple look
images/naturel/naturel_001899.jpg,naturel,0.3449,a portrait of a person with a natural fresh no-makeup look
images/naturel/naturel_001902.jpg,naturel,0.3187,a portrait of a person with a natural fresh no-makeup look
images/naturel/naturel_001903.jpg,naturel,0.4918,a portrait of a person with a natural fresh no-makeup look
images/boheme/boheme_001905.jpg,boheme,0.474,a portrait of a person with a bohemian artistic free-spirited look
images/professionnel/professionnel_001907.jpg,professionnel,0.9069,a portrait of a person with a professional polished business look
images/naturel/naturel_001909.jpg,naturel,0.6491,a portrait of a person with a natural fresh no-makeup look
images/naturel/naturel_001913.jpg,naturel,0.366,a portrait of a person with a natural fresh no-makeup look
images/doux/doux_001915.jpg,doux,0.2526,a portrait of a person with a soft romantic gentle makeup look
images/professionnel/professionnel_001919.jpg,professionnel,0.4925,a portrait of a person with a professional polished business look
images/glamour/glamour_001923.jpg,glamour,0.2201,a portrait of a person with a glamorous bold makeup look
images/naturel/naturel_001924.jpg,naturel,0.2736,a portrait of a person with a natural fresh no-makeup look
images/boheme/boheme_001926.jpg,boheme,0.3985,a portrait of a person with a bohemian artistic free-spirited look
images/minimaliste/minimaliste_001927.jpg,minimaliste,0.3306,a portrait of a person with a minimalist clean simple look
images/professionnel/professionnel_001929.jpg,professionnel,0.2153,a portrait of a person with a professional polished business look
images/naturel/naturel_001931.jpg,naturel,0.2706,a portrait of a person with a natural fresh no-makeup look
images/doux/doux_001932.jpg,doux,0.2708,a portrait of a person with a soft romantic gentle makeup look
images/glamour/glamour_001933.jpg,glamour,0.5968,a portrait of a person with a glamorous bold makeup look
images/professionnel/professionnel_001938.jpg,professionnel,0.497,a portrait of a person with a professional polished business look
images/professionnel/professionnel_001939.jpg,professionnel,0.473,a portrait of a person with a professional polished business look
images/professionnel/professionnel_001941.jpg,professionnel,0.2556,a portrait of a person with a professional polished business look
images/naturel/naturel_001942.jpg,naturel,0.327,a portrait of a person with a natural fresh no-makeup look
images/professionnel/professionnel_001944.jpg,professionnel,0.2588,a portrait of a person with a professional polished business look
images/naturel/naturel_001945.jpg,naturel,0.2864,a portrait of a person with a natural fresh no-makeup look
images/minimaliste/minimaliste_001948.jpg,minimaliste,0.4076,a portrait of a person with a minimalist clean simple look
images/minimaliste/minimaliste_001951.jpg,minimaliste,0.2367,a portrait of a person with a minimalist clean simple look
images/naturel/naturel_001953.jpg,naturel,0.4639,a portrait of a person with a natural fresh no-makeup look
images/naturel/naturel_001954.jpg,naturel,0.2288,a portrait of a person with a natural fresh no-makeup look
images/boheme/boheme_001957.jpg,boheme,0.6349,a portrait of a person with a bohemian artistic free-spirited look
images/naturel/naturel_001958.jpg,naturel,0.7761,a portrait of a person with a natural fresh no-makeup look
images/naturel/naturel_001960.jpg,naturel,0.3029,a portrait of a person with a natural fresh no-makeup look
images/elegant/elegant_001962.jpg,elegant,0.278,a portrait of a person with an elegant sophisticated evening look
images/naturel/naturel_001963.jpg,naturel,0.3016,a portrait of a person with a natural fresh no-makeup look
images/elegant/elegant_001964.jpg,elegant,0.2826,a portrait of a person with an elegant sophisticated evening look
images/naturel/naturel_001966.jpg,naturel,0.5533,a portrait of a person with a natural fresh no-makeup look
images/glamour/glamour_001969.jpg,glamour,0.4149,a portrait of a person with a glamorous bold makeup look
images/naturel/naturel_001970.jpg,naturel,0.5564,a portrait of a person with a natural fresh no-makeup look
images/professionnel/professionnel_001971.jpg,professionnel,0.578,a portrait of a person with a professional polished business look
images/glamour/glamour_001972.jpg,glamour,0.3166,a portrait of a person with a glamorous bold makeup look
images/minimaliste/minimaliste_001975.jpg,minimaliste,0.3292,a portrait of a person with a minimalist clean simple look
images/doux/doux_001976.jpg,doux,0.2891,a portrait of a person with a soft romantic gentle makeup look
images/professionnel/professionnel_001978.jpg,professionnel,0.7231,a portrait of a person with a professional polished business look
images/glamour/glamour_001979.jpg,glamour,0.3331,a portrait of a person with a glamorous bold makeup look
images/professionnel/professionnel_001980.jpg,professionnel,0.5208,a portrait of a person with a professional polished business look
images/minimaliste/minimaliste_001983.jpg,minimaliste,0.3709,a portrait of a person with a minimalist clean simple look
images/boheme/boheme_001984.jpg,boheme,0.2441,a portrait of a person with a bohemian artistic free-spirited look
images/minimaliste/minimaliste_001985.jpg,minimaliste,0.2644,a portrait of a person with a minimalist clean simple look
images/naturel/naturel_001987.jpg,naturel,0.2812,a portrait of a person with a natural fresh no-makeup look
images/professionnel/professionnel_001988.jpg,professionnel,0.8035,a portrait of a person with a professional polished business look
images/glamour/glamour_001990.jpg,glamour,0.3624,a portrait of a person with a glamorous bold makeup look
images/professionnel/professionnel_001999.jpg,professionnel,0.7925,a portrait of a person with a professional polished business look
images/professionnel/professionnel_002000.jpg,professionnel,0.4544,a portrait of a person with a professional polished business look
images/boheme/boheme_002001.jpg,boheme,0.4817,a portrait of a person with a bohemian artistic free-spirited look
images/professionnel/professionnel_002003.jpg,professionnel,0.633,a portrait of a person with a professional polished business look
images/doux/doux_002005.jpg,doux,0.2309,a portrait of a person with a soft romantic gentle makeup look
images/professionnel/professionnel_002006.jpg,professionnel,0.8366,a portrait of a person with a professional polished business look
images/professionnel/professionnel_002007.jpg,professionnel,0.4138,a portrait of a person with a professional polished business look
images/minimaliste/minimaliste_002012.jpg,minimaliste,0.3072,a portrait of a person with a minimalist clean simple look
images/boheme/boheme_002015.jpg,boheme,0.3599,a portrait of a person with a bohemian artistic free-spirited look
images/professionnel/professionnel_002018.jpg,professionnel,0.234,a portrait of a person with a professional polished business look
images/naturel/naturel_002026.jpg,naturel,0.7072,a portrait of a person with a natural fresh no-makeup look
images/doux/doux_002027.jpg,doux,0.3669,a portrait of a person with a soft romantic gentle makeup look
images/naturel/naturel_002029.jpg,naturel,0.2616,a portrait of a person with a natural fresh no-makeup look
images/minimaliste/minimaliste_002035.jpg,minimaliste,0.3634,a portrait of a person with a minimalist clean simple look
images/minimaliste/minimaliste_002037.jpg,minimaliste,0.342,a portrait of a person with a minimalist clean simple look
images/naturel/naturel_002040.jpg,naturel,0.4162,a portrait of a person with a natural fresh no-makeup look
images/minimaliste/minimaliste_002042.jpg,minimaliste,0.4122,a portrait of a person with a minimalist clean simple look
images/professionnel/professionnel_002044.jpg,professionnel,0.3248,a portrait of a person with a professional polished business look
images/naturel/naturel_002047.jpg,naturel,0.4697,a portrait of a person with a natural fresh no-makeup look
images/naturel/naturel_002057.jpg,naturel,0.4079,a portrait of a person with a natural fresh no-makeup look
images/glamour/glamour_002058.jpg,glamour,0.2661,a portrait of a person with a glamorous bold makeup look
images/minimaliste/minimaliste_002066.jpg,minimaliste,0.2208,a portrait of a person with a minimalist clean simple look
images/doux/doux_002084.jpg,doux,0.3515,a portrait of a person with a soft romantic gentle makeup look
images/naturel/naturel_002090.jpg,naturel,0.4072,a portrait of a person with a natural fresh no-makeup look
images/naturel/naturel_002091.jpg,naturel,0.3469,a portrait of a person with a natural fresh no-makeup look
images/naturel/naturel_002097.jpg,naturel,0.5685,a portrait of a person with a natural fresh no-makeup look
images/naturel/naturel_002099.jpg,naturel,0.4313,a portrait of a person with a natural fresh no-makeup look
images/naturel/naturel_002103.jpg,naturel,0.3444,a portrait of a person with a natural fresh no-makeup look
images/elegant/elegant_002108.jpg,elegant,0.1776,a portrait of a person with an elegant sophisticated evening look
images/boheme/boheme_002112.jpg,boheme,0.4954,a portrait of a person with a bohemian artistic free-spirited look
images/naturel/naturel_002113.jpg,naturel,0.3172,a portrait of a person with a natural fresh no-makeup look
images/professionnel/professionnel_002114.jpg,professionnel,0.3218,a portrait of a person with a professional polished business look
images/naturel/naturel_002116.jpg,naturel,0.2671,a portrait of a person with a natural fresh no-makeup look
images/naturel/naturel_002119.jpg,naturel,0.6111,a portrait of a person with a natural fresh no-makeup look
images/professionnel/professionnel_002124.jpg,professionnel,0.6562,a portrait of a person with a professional polished business look
images/professionnel/professionnel_002126.jpg,professionnel,0.2792,a portrait of a person with a professional polished business look
images/elegant/elegant_002129.jpg,elegant,0.3548,a portrait of a person with an elegant sophisticated evening look
images/glamour/glamour_002130.jpg,glamour,0.3359,a portrait of a person with a glamorous bold makeup look
images/professionnel/professionnel_002131.jpg,professionnel,0.7852,a portrait of a person with a professional polished business look
images/doux/doux_002133.jpg,doux,0.2478,a portrait of a person with a soft romantic gentle makeup look
images/glamour/glamour_002140.jpg,glamour,0.2903,a portrait of a person with a glamorous bold makeup look
images/naturel/naturel_002142.jpg,naturel,0.379,a portrait of a person with a natural fresh no-makeup look
images/professionnel/professionnel_002143.jpg,professionnel,0.5107,a portrait of a person with a professional polished business look
images/naturel/naturel_002147.jpg,naturel,0.246,a portrait of a person with a natural fresh no-makeup look
images/glamour/glamour_002153.jpg,glamour,0.3966,a portrait of a person with a glamorous bold makeup look
images/naturel/naturel_002154.jpg,naturel,0.7596,a portrait of a person with a natural fresh no-makeup look
images/naturel/naturel_002158.jpg,naturel,0.3474,a portrait of a person with a natural fresh no-makeup look
images/naturel/naturel_002159.jpg,naturel,0.5335,a portrait of a person with a natural fresh no-makeup look
images/doux/doux_002161.jpg,doux,0.226,a portrait of a person with a soft romantic gentle makeup look
images/boheme/boheme_002166.jpg,boheme,0.215,a portrait of a person with a bohemian artistic free-spirited look
images/minimaliste/minimaliste_002168.jpg,minimaliste,0.3501,a portrait of a person with a minimalist clean simple look
images/professionnel/professionnel_002169.jpg,professionnel,0.3077,a portrait of a person with a professional polished business look
images/professionnel/professionnel_002171.jpg,professionnel,0.2725,a portrait of a person with a professional polished business look
images/minimaliste/minimaliste_002172.jpg,minimaliste,0.4348,a portrait of a person with a minimalist clean simple look
images/professionnel/professionnel_002173.jpg,professionnel,0.3122,a portrait of a person with a professional polished business look
images/minimaliste/minimaliste_002181.jpg,minimaliste,0.4489,a portrait of a person with a minimalist clean simple look
images/glamour/glamour_002186.jpg,glamour,0.2804,a portrait of a person with a glamorous bold makeup look
images/professionnel/professionnel_002187.jpg,professionnel,0.7448,a portrait of a person with a professional polished business look
images/minimaliste/minimaliste_002188.jpg,minimaliste,0.2382,a portrait of a person with a minimalist clean simple look
images/minimaliste/minimaliste_002190.jpg,minimaliste,0.3072,a portrait of a person with a minimalist clean simple look
images/naturel/naturel_002194.jpg,naturel,0.5484,a portrait of a person with a natural fresh no-makeup look
images/doux/doux_002196.jpg,doux,0.3826,a portrait of a person with a soft romantic gentle makeup look
images/glamour/glamour_002199.jpg,glamour,0.2344,a portrait of a person with a glamorous bold makeup look
images/professionnel/professionnel_002200.jpg,professionnel,0.3596,a portrait of a person with a professional polished business look
images/naturel/naturel_002209.jpg,naturel,0.8131,a portrait of a person with a natural fresh no-makeup look
images/professionnel/professionnel_002224.jpg,professionnel,0.4792,a portrait of a person with a professional polished business look
images/professionnel/professionnel_025404.jpg,professionnel,0.2254,a portrait of a person with a professional polished business look
images/professionnel/professionnel_025407.jpg,professionnel,0.3188,a portrait of a person with a professional polished business look
images/glamour/glamour_025408.jpg,glamour,0.3214,a portrait of a person with a glamorous bold makeup look
images/professionnel/professionnel_025409.jpg,professionnel,0.3804,a portrait of a person with a professional polished business look
images/naturel/naturel_025414.jpg,naturel,0.592,a portrait of a person with a natural fresh no-makeup look
images/naturel/naturel_025418.jpg,naturel,0.3732,a portrait of a person with a natural fresh no-makeup look
images/professionnel/professionnel_025421.jpg,professionnel,0.5004,a portrait of a person with a professional polished business look
images/professionnel/professionnel_025422.jpg,professionnel,0.3432,a portrait of a person with a professional polished business look
images/naturel/naturel_025424.jpg,naturel,0.3487,a portrait of a person with a natural fresh no-makeup look
images/professionnel/professionnel_025425.jpg,professionnel,0.5711,a portrait of a person with a professional polished business look
images/elegant/elegant_025426.jpg,elegant,0.3495,a portrait of a person with an elegant sophisticated evening look
images/boheme/boheme_025428.jpg,boheme,0.274,a portrait of a person with a bohemian artistic free-spirited look
images/professionnel/professionnel_025431.jpg,professionnel,0.2719,a portrait of a person with a professional polished business look
images/professionnel/professionnel_025432.jpg,professionnel,0.5739,a portrait of a person with a professional polished business look
images/professionnel/professionnel_025436.jpg,professionnel,0.2746,a portrait of a person with a professional polished business look
images/minimaliste/minimaliste_025437.jpg,minimaliste,0.2317,a portrait of a person with a minimalist clean simple look
images/boheme/boheme_025438.jpg,boheme,0.5508,a portrait of a person with a bohemian artistic free-spirited look
images/naturel/naturel_025440.jpg,naturel,0.361,a portrait of a person with a natural fresh no-makeup look
images/minimaliste/minimaliste_025441.jpg,minimaliste,0.269,a portrait of a person with a minimalist clean simple look
images/minimaliste/minimaliste_025442.jpg,minimaliste,0.3296,a portrait of a person with a minimalist clean simple look
images/professionnel/professionnel_025447.jpg,professionnel,0.3127,a portrait of a person with a professional polished business look
images/naturel/naturel_025448.jpg,naturel,0.293,a portrait of a person with a natural fresh no-makeup look
images/professionnel/professionnel_025451.jpg,professionnel,0.7181,a portrait of a person with a professional polished business look
images/professionnel/professionnel_025452.jpg,professionnel,0.3728,a portrait of a person with a professional polished business look
images/professionnel/professionnel_025453.jpg,professionnel,0.4042,a portrait of a person with a professional polished business look
images/professionnel/professionnel_025454.jpg,professionnel,0.563,a portrait of a person with a professional polished business look
images/elegant/elegant_025459.jpg,elegant,0.2087,a portrait of a person with an elegant sophisticated evening look
images/elegant/elegant_025460.jpg,elegant,0.2623,a portrait of a person with an elegant sophisticated evening look
images/naturel/naturel_025462.jpg,naturel,0.5314,a portrait of a person with a natural fresh no-makeup look
images/naturel/naturel_025464.jpg,naturel,0.3608,a portrait of a person with a natural fresh no-makeup look
images/professionnel/professionnel_025467.jpg,professionnel,0.447,a portrait of a person with a professional polished business look
images/minimaliste/minimaliste_025469.jpg,minimaliste,0.2562,a portrait of a person with a minimalist clean simple look
images/professionnel/professionnel_025475.jpg,professionnel,0.5179,a portrait of a person with a professional polished business look
images/professionnel/professionnel_025476.jpg,professionnel,0.6272,a portrait of a person with a professional polished business look
images/naturel/naturel_025477.jpg,naturel,0.3375,a portrait of a person with a natural fresh no-makeup look
images/naturel/naturel_025478.jpg,naturel,0.4297,a portrait of a person with a natural fresh no-makeup look
images/professionnel/professionnel_025479.jpg,professionnel,0.86,a portrait of a person with a professional polished business look
images/professionnel/professionnel_025480.jpg,professionnel,0.3002,a portrait of a person with a professional polished business look
images/professionnel/professionnel_025481.jpg,professionnel,0.2081,a portrait of a person with a professional polished business look
images/naturel/naturel_025482.jpg,naturel,0.7293,a portrait of a person with a natural fresh no-makeup look
images/glamour/glamour_025484.jpg,glamour,0.2403,a portrait of a person with a glamorous bold makeup look
images/minimaliste/minimaliste_025485.jpg,minimaliste,0.2923,a portrait of a person with a minimalist clean simple look
images/doux/doux_025486.jpg,doux,0.232,a portrait of a person with a soft romantic gentle makeup look
images/minimaliste/minimaliste_025487.jpg,minimaliste,0.2641,a portrait of a person with a minimalist clean simple look
images/minimaliste/minimaliste_025488.jpg,minimaliste,0.3104,a portrait of a person with a minimalist clean simple look
images/naturel/naturel_025489.jpg,naturel,0.3503,a portrait of a person with a natural fresh no-makeup look
images/professionnel/professionnel_025497.jpg,professionnel,0.3898,a portrait of a person with a professional polished business look
images/professionnel/professionnel_025498.jpg,professionnel,0.3744,a portrait of a person with a professional polished business look
images/elegant/elegant_025499.jpg,elegant,0.281,a portrait of a person with an elegant sophisticated evening look
images/naturel/naturel_025502.jpg,naturel,0.4974,a portrait of a person with a natural fresh no-makeup look
images/naturel/naturel_025503.jpg,naturel,0.3675,a portrait of a person with a natural fresh no-makeup look
images/boheme/boheme_025505.jpg,boheme,0.2971,a portrait of a person with a bohemian artistic free-spirited look
images/boheme/boheme_025506.jpg,boheme,0.3714,a portrait of a person with a bohemian artistic free-spirited look
images/professionnel/professionnel_025508.jpg,professionnel,0.3484,a portrait of a person with a professional polished business look
images/glamour/glamour_025521.jpg,glamour,0.3448,a portrait of a person with a glamorous bold makeup look
images/glamour/glamour_025522.jpg,glamour,0.2563,a portrait of a person with a glamorous bold makeup look
images/professionnel/professionnel_025523.jpg,professionnel,0.4019,a portrait of a person with a professional polished business look
images/doux/doux_025524.jpg,doux,0.2909,a portrait of a person with a soft romantic gentle makeup look
images/elegant/elegant_025527.jpg,elegant,0.2862,a portrait of a person with an elegant sophisticated evening look
images/naturel/naturel_025533.jpg,naturel,0.7831,a portrait of a person with a natural fresh no-makeup look
images/naturel/naturel_025534.jpg,naturel,0.811,a portrait of a person with a natural fresh no-makeup look
images/glamour/glamour_025535.jpg,glamour,0.3736,a portrait of a person with a glamorous bold makeup look
images/glamour/glamour_025538.jpg,glamour,0.4237,a portrait of a person with a glamorous bold makeup look
images/naturel/naturel_025543.jpg,naturel,0.4076,a portrait of a person with a natural fresh no-makeup look
images/boheme/boheme_025544.jpg,boheme,0.3192,a portrait of a person with a bohemian artistic free-spirited look
images/boheme/boheme_025547.jpg,boheme,0.2228,a portrait of a person with a bohemian artistic free-spirited look
images/naturel/naturel_025548.jpg,naturel,0.3616,a portrait of a person with a natural fresh no-makeup look
images/professionnel/professionnel_025551.jpg,professionnel,0.7669,a portrait of a person with a professional polished business look
images/naturel/naturel_025555.jpg,naturel,0.2128,a portrait of a person with a natural fresh no-makeup look
images/naturel/naturel_025558.jpg,naturel,0.3269,a portrait of a person with a natural fresh no-makeup look
images/boheme/boheme_025561.jpg,boheme,0.2713,a portrait of a person with a bohemian artistic free-spirited look
images/glamour/glamour_025563.jpg,glamour,0.626,a portrait of a person with a glamorous bold makeup look
images/boheme/boheme_025566.jpg,boheme,0.4737,a portrait of a person with a bohemian artistic free-spirited look
images/professionnel/professionnel_025567.jpg,professionnel,0.362,a portrait of a person with a professional polished business look
images/minimaliste/minimaliste_025568.jpg,minimaliste,0.3734,a portrait of a person with a minimalist clean simple look
images/professionnel/professionnel_025576.jpg,professionnel,0.672,a portrait of a person with a professional polished business look
images/elegant/elegant_025577.jpg,elegant,0.3268,a portrait of a person with an elegant sophisticated evening look
images/professionnel/professionnel_025579.jpg,professionnel,0.6372,a portrait of a person with a professional polished business look
images/boheme/boheme_025584.jpg,boheme,0.541,a portrait of a person with a bohemian artistic free-spirited look
images/professionnel/professionnel_025585.jpg,professionnel,0.3166,a portrait of a person with a professional polished business look
images/glamour/glamour_025586.jpg,glamour,0.432,a portrait of a person with a glamorous bold makeup look
images/boheme/boheme_025588.jpg,boheme,0.2644,a portrait of a person with a bohemian artistic free-spirited look
images/professionnel/professionnel_025589.jpg,professionnel,0.2299,a portrait of a person with a professional polished business look
images/minimaliste/minimaliste_025590.jpg,minimaliste,0.436,a portrait of a person with a minimalist clean simple look
images/minimaliste/minimaliste_025592.jpg,minimaliste,0.442,a portrait of a person with a minimalist clean simple look
images/professionnel/professionnel_025595.jpg,professionnel,0.4566,a portrait of a person with a professional polished business look
images/naturel/naturel_025597.jpg,naturel,0.3101,a portrait of a person with a natural fresh no-makeup look
images/naturel/naturel_025600.jpg,naturel,0.2914,a portrait of a person with a natural fresh no-makeup look
images/minimaliste/minimaliste_025601.jpg,minimaliste,0.4889,a portrait of a person with a minimalist clean simple look
images/professionnel/professionnel_025602.jpg,professionnel,0.3056,a portrait of a person with a professional polished business look
images/glamour/glamour_025603.jpg,glamour,0.5194,a portrait of a person with a glamorous bold makeup look
images/minimaliste/minimaliste_025606.jpg,minimaliste,0.257,a portrait of a person with a minimalist clean simple look
images/glamour/glamour_025607.jpg,glamour,0.3608,a portrait of a person with a glamorous bold makeup look
images/glamour/glamour_025608.jpg,glamour,0.254,a portrait of a person with a glamorous bold makeup look
images/boheme/boheme_025609.jpg,boheme,0.3232,a portrait of a person with a bohemian artistic free-spirited look
images/glamour/glamour_025610.jpg,glamour,0.4932,a portrait of a person with a glamorous bold makeup look
images/boheme/boheme_025612.jpg,boheme,0.4542,a portrait of a person with a bohemian artistic free-spirited look
images/minimaliste/minimaliste_025613.jpg,minimaliste,0.4426,a portrait of a person with a minimalist clean simple look
images/minimaliste/minimaliste_025614.jpg,minimaliste,0.357,a portrait of a person with a minimalist clean simple look
images/minimaliste/minimaliste_025615.jpg,minimaliste,0.2262,a portrait of a person with a minimalist clean simple look
images/elegant/elegant_025617.jpg,elegant,0.1883,a portrait of a person with an elegant sophisticated evening look
images/elegant/elegant_025618.jpg,elegant,0.2815,a portrait of a person with an elegant sophisticated evening look
images/naturel/naturel_025619.jpg,naturel,0.6882,a portrait of a person with a natural fresh no-makeup look
images/minimaliste/minimaliste_025623.jpg,minimaliste,0.2698,a portrait of a person with a minimalist clean simple look
images/naturel/naturel_025627.jpg,naturel,0.2763,a portrait of a person with a natural fresh no-makeup look
images/professionnel/professionnel_025628.jpg,professionnel,0.5092,a portrait of a person with a professional polished business look
images/minimaliste/minimaliste_025630.jpg,minimaliste,0.3992,a portrait of a person with a minimalist clean simple look
images/elegant/elegant_025632.jpg,elegant,0.4157,a portrait of a person with an elegant sophisticated evening look
images/glamour/glamour_025636.jpg,glamour,0.3765,a portrait of a person with a glamorous bold makeup look
images/naturel/naturel_025637.jpg,naturel,0.3221,a portrait of a person with a natural fresh no-makeup look
images/professionnel/professionnel_025640.jpg,professionnel,0.3861,a portrait of a person with a professional polished business look
images/professionnel/professionnel_025642.jpg,professionnel,0.293,a portrait of a person with a professional polished business look
images/naturel/naturel_025645.jpg,naturel,0.3846,a portrait of a person with a natural fresh no-makeup look
images/naturel/naturel_025646.jpg,naturel,0.3571,a portrait of a person with a natural fresh no-makeup look
images/glamour/glamour_025655.jpg,glamour,0.3241,a portrait of a person with a glamorous bold makeup look
images/naturel/naturel_025656.jpg,naturel,0.2916,a portrait of a person with a natural fresh no-makeup look
images/minimaliste/minimaliste_025657.jpg,minimaliste,0.4724,a portrait of a person with a minimalist clean simple look
images/professionnel/professionnel_025661.jpg,professionnel,0.3897,a portrait of a person with a professional polished business look
images/professionnel/professionnel_025665.jpg,professionnel,0.5086,a portrait of a person with a professional polished business look
images/naturel/naturel_025666.jpg,naturel,0.2403,a portrait of a person with a natural fresh no-makeup look
images/professionnel/professionnel_025671.jpg,professionnel,0.4813,a portrait of a person with a professional polished business look
images/professionnel/professionnel_025672.jpg,professionnel,0.6527,a portrait of a person with a professional polished business look
images/naturel/naturel_025675.jpg,naturel,0.3431,a portrait of a person with a natural fresh no-makeup look
images/professionnel/professionnel_025684.jpg,professionnel,0.3041,a portrait of a person with a professional polished business look
images/naturel/naturel_025687.jpg,naturel,0.5714,a portrait of a person with a natural fresh no-makeup look
images/professionnel/professionnel_025689.jpg,professionnel,0.5127,a portrait of a person with a professional polished business look
images/boheme/boheme_025690.jpg,boheme,0.4213,a portrait of a person with a bohemian artistic free-spirited look
images/professionnel/professionnel_025693.jpg,professionnel,0.4782,a portrait of a person with a professional polished business look
images/professionnel/professionnel_025694.jpg,professionnel,0.4357,a portrait of a person with a professional polished business look
images/naturel/naturel_025696.jpg,naturel,0.2719,a portrait of a person with a natural fresh no-makeup look
images/professionnel/professionnel_025699.jpg,professionnel,0.3313,a portrait of a person with a professional polished business look
images/professionnel/professionnel_025701.jpg,professionnel,0.4435,a portrait of a person with a professional polished business look
images/glamour/glamour_025702.jpg,glamour,0.4365,a portrait of a person with a glamorous bold makeup look
images/naturel/naturel_025706.jpg,naturel,0.3161,a portrait of a person with a natural fresh no-makeup look
images/minimaliste/minimaliste_025707.jpg,minimaliste,0.2848,a portrait of a person with a minimalist clean simple look
images/boheme/boheme_025715.jpg,boheme,0.4615,a portrait of a person with a bohemian artistic free-spirited look
images/glamour/glamour_025717.jpg,glamour,0.4164,a portrait of a person with a glamorous bold makeup look
images/boheme/boheme_025718.jpg,boheme,0.3674,a portrait of a person with a bohemian artistic free-spirited look
images/boheme/boheme_025721.jpg,boheme,0.3911,a portrait of a person with a bohemian artistic free-spirited look
images/minimaliste/minimaliste_025728.jpg,minimaliste,0.5009,a portrait of a person with a minimalist clean simple look
images/elegant/elegant_025732.jpg,elegant,0.2513,a portrait of a person with an elegant sophisticated evening look
images/minimaliste/minimaliste_025735.jpg,minimaliste,0.3123,a portrait of a person with a minimalist clean simple look
images/doux/doux_025739.jpg,doux,0.2864,a portrait of a person with a soft romantic gentle makeup look
images/boheme/boheme_025741.jpg,boheme,0.3218,a portrait of a person with a bohemian artistic free-spirited look
images/naturel/naturel_025743.jpg,naturel,0.4928,a portrait of a person with a natural fresh no-makeup look
images/naturel/naturel_025746.jpg,naturel,0.2416,a portrait of a person with a natural fresh no-makeup look
images/naturel/naturel_025751.jpg,naturel,0.3838,a portrait of a person with a natural fresh no-makeup look
images/naturel/naturel_025759.jpg,naturel,0.4195,a portrait of a person with a natural fresh no-makeup look
images/boheme/boheme_025764.jpg,boheme,0.3055,a portrait of a person with a bohemian artistic free-spirited look
images/boheme/boheme_025765.jpg,boheme,0.2764,a portrait of a person with a bohemian artistic free-spirited look
images/naturel/naturel_025766.jpg,naturel,0.2692,a portrait of a person with a natural fresh no-makeup look
images/professionnel/professionnel_025768.jpg,professionnel,0.775,a portrait of a person with a professional polished business look
images/professionnel/professionnel_025770.jpg,professionnel,0.2146,a portrait of a person with a professional polished business look
images/professionnel/professionnel_025783.jpg,professionnel,0.4686,a portrait of a person with a professional polished business look
images/elegant/elegant_025784.jpg,elegant,0.2747,a portrait of a person with an elegant sophisticated evening look
images/naturel/naturel_025787.jpg,naturel,0.3565,a portrait of a person with a natural fresh no-makeup look
images/glamour/glamour_025793.jpg,glamour,0.208,a portrait of a person with a glamorous bold makeup look
images/naturel/naturel_025794.jpg,naturel,0.7532,a portrait of a person with a natural fresh no-makeup look
images/glamour/glamour_025799.jpg,glamour,0.3334,a portrait of a person with a glamorous bold makeup look
images/professionnel/professionnel_025801.jpg,professionnel,0.527,a portrait of a person with a professional polished business look
images/boheme/boheme_025807.jpg,boheme,0.3474,a portrait of a person with a bohemian artistic free-spirited look
images/professionnel/professionnel_025809.jpg,professionnel,0.4094,a portrait of a person with a professional polished business look
images/professionnel/professionnel_025812.jpg,professionnel,0.4769,a portrait of a person with a professional polished business look
images/glamour/glamour_025813.jpg,glamour,0.3309,a portrait of a person with a glamorous bold makeup look
images/professionnel/professionnel_025814.jpg,professionnel,0.47,a portrait of a person with a professional polished business look
images/professionnel/professionnel_025815.jpg,professionnel,0.3507,a portrait of a person with a professional polished business look
images/naturel/naturel_025821.jpg,naturel,0.2988,a portrait of a person with a natural fresh no-makeup look
images/professionnel/professionnel_025822.jpg,professionnel,0.7597,a portrait of a person with a professional polished business look
images/naturel/naturel_025823.jpg,naturel,0.397,a portrait of a person with a natural fresh no-makeup look
images/minimaliste/minimaliste_025825.jpg,minimaliste,0.3237,a portrait of a person with a minimalist clean simple look
images/boheme/boheme_025827.jpg,boheme,0.308,a portrait of a person with a bohemian artistic free-spirited look
images/minimaliste/minimaliste_025830.jpg,minimaliste,0.2897,a portrait of a person with a minimalist clean simple look
images/naturel/naturel_025839.jpg,naturel,0.5082,a portrait of a person with a natural fresh no-makeup look
images/boheme/boheme_025844.jpg,boheme,0.2192,a portrait of a person with a bohemian artistic free-spirited look
images/naturel/naturel_025845.jpg,naturel,0.4509,a portrait of a person with a natural fresh no-makeup look
images/professionnel/professionnel_025854.jpg,professionnel,0.4285,a portrait of a person with a professional polished business look
images/naturel/naturel_025859.jpg,naturel,0.3625,a portrait of a person with a natural fresh no-makeup look
images/boheme/boheme_025867.jpg,boheme,0.2618,a portrait of a person with a bohemian artistic free-spirited look
images/professionnel/professionnel_025868.jpg,professionnel,0.5262,a portrait of a person with a professional polished business look
images/professionnel/professionnel_025869.jpg,professionnel,0.3918,a portrait of a person with a professional polished business look
images/naturel/naturel_025870.jpg,naturel,0.6352,a portrait of a person with a natural fresh no-makeup look
images/glamour/glamour_025873.jpg,glamour,0.286,a portrait of a person with a glamorous bold makeup look
images/minimaliste/minimaliste_025875.jpg,minimaliste,0.2906,a portrait of a person with a minimalist clean simple look
images/professionnel/professionnel_025877.jpg,professionnel,0.4935,a portrait of a person with a professional polished business look
images/professionnel/professionnel_025878.jpg,professionnel,0.3307,a portrait of a person with a professional polished business look
images/minimaliste/minimaliste_025880.jpg,minimaliste,0.5336,a portrait of a person with a minimalist clean simple look
images/minimaliste/minimaliste_025883.jpg,minimaliste,0.3077,a portrait of a person with a minimalist clean simple look
images/minimaliste/minimaliste_025889.jpg,minimaliste,0.271,a portrait of a person with a minimalist clean simple look
images/professionnel/professionnel_025893.jpg,professionnel,0.6773,a portrait of a person with a professional polished business look
images/naturel/naturel_025895.jpg,naturel,0.4447,a portrait of a person with a natural fresh no-makeup look
images/boheme/boheme_025896.jpg,boheme,0.2428,a portrait of a person with a bohemian artistic free-spirited look
images/naturel/naturel_025897.jpg,naturel,0.2959,a portrait of a person with a natural fresh no-makeup look
images/minimaliste/minimaliste_025898.jpg,minimaliste,0.655,a portrait of a person with a minimalist clean simple look
images/minimaliste/minimaliste_025899.jpg,minimaliste,0.5128,a portrait of a person with a minimalist clean simple look
images/naturel/naturel_025904.jpg,naturel,0.2594,a portrait of a person with a natural fresh no-makeup look
images/minimaliste/minimaliste_025912.jpg,minimaliste,0.4743,a portrait of a person with a minimalist clean simple look
images/professionnel/professionnel_025916.jpg,professionnel,0.6455,a portrait of a person with a professional polished business look
images/professionnel/professionnel_025919.jpg,professionnel,0.3744,a portrait of a person with a professional polished business look
images/naturel/naturel_025922.jpg,naturel,0.5932,a portrait of a person with a natural fresh no-makeup look
images/elegant/elegant_025925.jpg,elegant,0.4306,a portrait of a person with an elegant sophisticated evening look
images/minimaliste/minimaliste_025927.jpg,minimaliste,0.3207,a portrait of a person with a minimalist clean simple look
images/naturel/naturel_025928.jpg,naturel,0.5664,a portrait of a person with a natural fresh no-makeup look
images/naturel/naturel_025929.jpg,naturel,0.3254,a portrait of a person with a natural fresh no-makeup look
images/minimaliste/minimaliste_025933.jpg,minimaliste,0.3725,a portrait of a person with a minimalist clean simple look
images/boheme/boheme_025934.jpg,boheme,0.2857,a portrait of a person with a bohemian artistic free-spirited look
images/professionnel/professionnel_025937.jpg,professionnel,0.3682,a portrait of a person with a professional polished business look
images/professionnel/professionnel_025939.jpg,professionnel,0.4419,a portrait of a person with a professional polished business look
images/naturel/naturel_025940.jpg,naturel,0.7491,a portrait of a person with a natural fresh no-makeup look
images/glamour/glamour_025945.jpg,glamour,0.3305,a portrait of a person with a glamorous bold makeup look
images/doux/doux_025949.jpg,doux,0.2544,a portrait of a person with a soft romantic gentle makeup look
images/naturel/naturel_025950.jpg,naturel,0.5499,a portrait of a person with a natural fresh no-makeup look
images/professionnel/professionnel_025954.jpg,professionnel,0.6752,a portrait of a person with a professional polished business look
images/doux/doux_025961.jpg,doux,0.2667,a portrait of a person with a soft romantic gentle makeup look
images/professionnel/professionnel_025965.jpg,professionnel,0.3771,a portrait of a person with a professional polished business look
images/minimaliste/minimaliste_025968.jpg,minimaliste,0.5071,a portrait of a person with a minimalist clean simple look
images/minimaliste/minimaliste_025970.jpg,minimaliste,0.4194,a portrait of a person with a minimalist clean simple look
images/boheme/boheme_025971.jpg,boheme,0.6052,a portrait of a person with a bohemian artistic free-spirited look
images/professionnel/professionnel_025974.jpg,professionnel,0.8306,a portrait of a person with a professional polished business look
images/minimaliste/minimaliste_025977.jpg,minimaliste,0.2698,a portrait of a person with a minimalist clean simple look
images/professionnel/professionnel_025980.jpg,professionnel,0.3946,a portrait of a person with a professional polished business look
images/professionnel/professionnel_025981.jpg,professionnel,0.4129,a portrait of a person with a professional polished business look
images/minimaliste/minimaliste_025987.jpg,minimaliste,0.3902,a portrait of a person with a minimalist clean simple look
images/professionnel/professionnel_025993.jpg,professionnel,0.2902,a portrait of a person with a professional polished business look
images/professionnel/professionnel_025997.jpg,professionnel,0.7304,a portrait of a person with a professional polished business look
images/minimaliste/minimaliste_025998.jpg,minimaliste,0.3108,a portrait of a person with a minimalist clean simple look
images/naturel/naturel_026002.jpg,naturel,0.5259,a portrait of a person with a natural fresh no-makeup look
images/boheme/boheme_026016.jpg,boheme,0.3688,a portrait of a person with a bohemian artistic free-spirited look
images/doux/doux_026023.jpg,doux,0.2943,a portrait of a person with a soft romantic gentle makeup look
images/naturel/naturel_026025.jpg,naturel,0.224,a portrait of a person with a natural fresh no-makeup look
images/professionnel/professionnel_026026.jpg,professionnel,0.2966,a portrait of a person with a professional polished business look
images/professionnel/professionnel_026027.jpg,professionnel,0.347,a portrait of a person with a professional polished business look
images/elegant/elegant_026030.jpg,elegant,0.4055,a portrait of a person with an elegant sophisticated evening look
images/naturel/naturel_026031.jpg,naturel,0.6649,a portrait of a person with a natural fresh no-makeup look
images/naturel/naturel_026033.jpg,naturel,0.653,a portrait of a person with a natural fresh no-makeup look
images/naturel/naturel_026035.jpg,naturel,0.3235,a portrait of a person with a natural fresh no-makeup look
images/naturel/naturel_026041.jpg,naturel,0.3596,a portrait of a person with a natural fresh no-makeup look
images/naturel/naturel_026043.jpg,naturel,0.5595,a portrait of a person with a natural fresh no-makeup look
images/naturel/naturel_026049.jpg,naturel,0.3209,a portrait of a person with a natural fresh no-makeup look
images/boheme/boheme_026052.jpg,boheme,0.2672,a portrait of a person with a bohemian artistic free-spirited look
images/doux/doux_026053.jpg,doux,0.3495,a portrait of a person with a soft romantic gentle makeup look
images/naturel/naturel_026056.jpg,naturel,0.6442,a portrait of a person with a natural fresh no-makeup look
images/naturel/naturel_026057.jpg,naturel,0.2871,a portrait of a person with a natural fresh no-makeup look
images/boheme/boheme_026062.jpg,boheme,0.3047,a portrait of a person with a bohemian artistic free-spirited look
images/naturel/naturel_026067.jpg,naturel,0.3884,a portrait of a person with a natural fresh no-makeup look
images/naturel/naturel_026069.jpg,naturel,0.4912,a portrait of a person with a natural fresh no-makeup look
images/professionnel/professionnel_026070.jpg,professionnel,0.2765,a portrait of a person with a professional polished business look
images/doux/doux_026072.jpg,doux,0.3245,a portrait of a person with a soft romantic gentle makeup look
images/doux/doux_026073.jpg,doux,0.2112,a portrait of a person with a soft romantic gentle makeup look
images/naturel/naturel_026074.jpg,naturel,0.3005,a portrait of a person with a natural fresh no-makeup look
images/naturel/naturel_026078.jpg,naturel,0.5412,a portrait of a person with a natural fresh no-makeup look
images/naturel/naturel_026079.jpg,naturel,0.6371,a portrait of a person with a natural fresh no-makeup look
images/professionnel/professionnel_026080.jpg,professionnel,0.4689,a portrait of a person with a professional polished business look
images/naturel/naturel_026081.jpg,naturel,0.1938,a portrait of a person with a natural fresh no-makeup look
images/professionnel/professionnel_026082.jpg,professionnel,0.3455,a portrait of a person with a professional polished business look
images/professionnel/professionnel_026089.jpg,professionnel,0.4053,a portrait of a person with a professional polished business look
images/doux/doux_026090.jpg,doux,0.275,a portrait of a person with a soft romantic gentle makeup look
images/naturel/naturel_026091.jpg,naturel,0.5129,a portrait of a person with a natural fresh no-makeup look
images/naturel/naturel_026092.jpg,naturel,0.2094,a portrait of a person with a natural fresh no-makeup look
images/boheme/boheme_026095.jpg,boheme,0.237,a portrait of a person with a bohemian artistic free-spirited look
images/minimaliste/minimaliste_026101.jpg,minimaliste,0.3559,a portrait of a person with a minimalist clean simple look
images/glamour/glamour_026104.jpg,glamour,0.4385,a portrait of a person with a glamorous bold makeup look
images/professionnel/professionnel_026107.jpg,professionnel,0.3296,a portrait of a person with a professional polished business look
images/professionnel/professionnel_026117.jpg,professionnel,0.7501,a portrait of a person with a professional polished business look
images/professionnel/professionnel_026121.jpg,professionnel,0.6834,a portrait of a person with a professional polished business look
images/professionnel/professionnel_026129.jpg,professionnel,0.2276,a portrait of a person with a professional polished business look
images/professionnel/professionnel_026136.jpg,professionnel,0.2205,a portrait of a person with a professional polished business look
images/naturel/naturel_026137.jpg,naturel,0.4336,a portrait of a person with a natural fresh no-makeup look
images/doux/doux_026138.jpg,doux,0.2129,a portrait of a person with a soft romantic gentle makeup look
images/boheme/boheme_026142.jpg,boheme,0.2967,a portrait of a person with a bohemian artistic free-spirited look
images/elegant/elegant_026147.jpg,elegant,0.3441,a portrait of a person with an elegant sophisticated evening look
images/professionnel/professionnel_026151.jpg,professionnel,0.586,a portrait of a person with a professional polished business look
images/naturel/naturel_026155.jpg,naturel,0.6065,a portrait of a person with a natural fresh no-makeup look
images/naturel/naturel_026158.jpg,naturel,0.5347,a portrait of a person with a natural fresh no-makeup look
images/professionnel/professionnel_026159.jpg,professionnel,0.2886,a portrait of a person with a professional polished business look
images/naturel/naturel_026161.jpg,naturel,0.2855,a portrait of a person with a natural fresh no-makeup look
images/doux/doux_026169.jpg,doux,0.2599,a portrait of a person with a soft romantic gentle makeup look
images/minimaliste/minimaliste_026170.jpg,minimaliste,0.3323,a portrait of a person with a minimalist clean simple look
images/elegant/elegant_026172.jpg,elegant,0.2543,a portrait of a person with an elegant sophisticated evening look
images/glamour/glamour_026174.jpg,glamour,0.2369,a portrait of a person with a glamorous bold makeup look
images/minimaliste/minimaliste_026176.jpg,minimaliste,0.532,a portrait of a person with a minimalist clean simple look
images/minimaliste/minimaliste_026178.jpg,minimaliste,0.3492,a portrait of a person with a minimalist clean simple look
images/professionnel/professionnel_026179.jpg,professionnel,0.2092,a portrait of a person with a professional polished business look
images/professionnel/professionnel_026186.jpg,professionnel,0.4288,a portrait of a person with a professional polished business look
images/naturel/naturel_026189.jpg,naturel,0.3412,a portrait of a person with a natural fresh no-makeup look
images/professionnel/professionnel_026199.jpg,professionnel,0.5206,a portrait of a person with a professional polished business look
images/naturel/naturel_026200.jpg,naturel,0.3585,a portrait of a person with a natural fresh no-makeup look
images/doux/doux_026202.jpg,doux,0.3463,a portrait of a person with a soft romantic gentle makeup look
images/professionnel/professionnel_026203.jpg,professionnel,0.8533,a portrait of a person with a professional polished business look
images/elegant/elegant_026206.jpg,elegant,0.2483,a portrait of a person with an elegant sophisticated evening look
images/minimaliste/minimaliste_026208.jpg,minimaliste,0.3047,a portrait of a person with a minimalist clean simple look
images/doux/doux_026210.jpg,doux,0.3636,a portrait of a person with a soft romantic gentle makeup look
images/professionnel/professionnel_026211.jpg,professionnel,0.4585,a portrait of a person with a professional polished business look
images/naturel/naturel_026224.jpg,naturel,0.429,a portrait of a person with a natural fresh no-makeup look
images/professionnel/professionnel_026226.jpg,professionnel,0.759,a portrait of a person with a professional polished business look
images/naturel/naturel_026228.jpg,naturel,0.6263,a portrait of a person with a natural fresh no-makeup look
images/boheme/boheme_026235.jpg,boheme,0.2592,a portrait of a person with a bohemian artistic free-spirited look
images/naturel/naturel_026240.jpg,naturel,0.3558,a portrait of a person with a natural fresh no-makeup look
images/professionnel/professionnel_026244.jpg,professionnel,0.4192,a portrait of a person with a professional polished business look
images/naturel/naturel_026246.jpg,naturel,0.5766,a portrait of a person with a natural fresh no-makeup look
images/minimaliste/minimaliste_026248.jpg,minimaliste,0.2889,a portrait of a person with a minimalist clean simple look
images/naturel/naturel_026249.jpg,naturel,0.7687,a portrait of a person with a natural fresh no-makeup look
images/boheme/boheme_026250.jpg,boheme,0.3666,a portrait of a person with a bohemian artistic free-spirited look
images/professionnel/professionnel_026252.jpg,professionnel,0.2139,a portrait of a person with a professional polished business look
images/minimaliste/minimaliste_026261.jpg,minimaliste,0.5467,a portrait of a person with a minimalist clean simple look
images/professionnel/professionnel_026264.jpg,professionnel,0.7886,a portrait of a person with a professional polished business look
images/glamour/glamour_026266.jpg,glamour,0.3121,a portrait of a person with a glamorous bold makeup look
images/naturel/naturel_026267.jpg,naturel,0.3272,a portrait of a person with a natural fresh no-makeup look
images/professionnel/professionnel_026268.jpg,professionnel,0.363,a portrait of a person with a professional polished business look
images/naturel/naturel_026270.jpg,naturel,0.5411,a portrait of a person with a natural fresh no-makeup look
images/doux/doux_026283.jpg,doux,0.2445,a portrait of a person with a soft romantic gentle makeup look
images/glamour/glamour_026286.jpg,glamour,0.2909,a portrait of a person with a glamorous bold makeup look
images/minimaliste/minimaliste_026288.jpg,minimaliste,0.4835,a portrait of a person with a minimalist clean simple look
images/professionnel/professionnel_026292.jpg,professionnel,0.39,a portrait of a person with a professional polished business look
images/professionnel/professionnel_026299.jpg,professionnel,0.2517,a portrait of a person with a professional polished business look
images/glamour/glamour_026300.jpg,glamour,0.6097,a portrait of a person with a glamorous bold makeup look
images/professionnel/professionnel_026303.jpg,professionnel,0.734,a portrait of a person with a professional polished business look
images/professionnel/professionnel_026305.jpg,professionnel,0.4353,a portrait of a person with a professional polished business look
images/professionnel/professionnel_026306.jpg,professionnel,0.6698,a portrait of a person with a professional polished business look
images/naturel/naturel_026307.jpg,naturel,0.4005,a portrait of a person with a natural fresh no-makeup look
images/professionnel/professionnel_026309.jpg,professionnel,0.591,a portrait of a person with a professional polished business look
images/boheme/boheme_026314.jpg,boheme,0.4026,a portrait of a person with a bohemian artistic free-spirited look
images/minimaliste/minimaliste_026323.jpg,minimaliste,0.262,a portrait of a person with a minimalist clean simple look
images/boheme/boheme_026328.jpg,boheme,0.313,a portrait of a person with a bohemian artistic free-spirited look
images/glamour/glamour_026333.jpg,glamour,0.2929,a portrait of a person with a glamorous bold makeup look
images/naturel/naturel_026335.jpg,naturel,0.3409,a portrait of a person with a natural fresh no-makeup look
images/naturel/naturel_026340.jpg,naturel,0.3427,a portrait of a person with a natural fresh no-makeup look
images/elegant/elegant_026343.jpg,elegant,0.2884,a portrait of a person with an elegant sophisticated evening look
images/professionnel/professionnel_026349.jpg,professionnel,0.6221,a portrait of a person with a professional polished business look
images/naturel/naturel_026351.jpg,naturel,0.3154,a portrait of a person with a natural fresh no-makeup look
images/professionnel/professionnel_026354.jpg,professionnel,0.5062,a portrait of a person with a professional polished business look
images/boheme/boheme_026379.jpg,boheme,0.3357,a portrait of a person with a bohemian artistic free-spirited look
images/boheme/boheme_026382.jpg,boheme,0.2594,a portrait of a person with a bohemian artistic free-spirited look
images/naturel/naturel_026383.jpg,naturel,0.2234,a portrait of a person with a natural fresh no-makeup look
images/naturel/naturel_026384.jpg,naturel,0.6649,a portrait of a person with a natural fresh no-makeup look
images/professionnel/professionnel_026385.jpg,professionnel,0.7397,a portrait of a person with a professional polished business look
images/elegant/elegant_026392.jpg,elegant,0.2274,a portrait of a person with an elegant sophisticated evening look
images/professionnel/professionnel_026393.jpg,professionnel,0.6639,a portrait of a person with a professional polished business look
images/minimaliste/minimaliste_026394.jpg,minimaliste,0.2827,a portrait of a person with a minimalist clean simple look
images/elegant/elegant_026399.jpg,elegant,0.2543,a portrait of a person with an elegant sophisticated evening look
images/boheme/boheme_026401.jpg,boheme,0.3709,a portrait of a person with a bohemian artistic free-spirited look
images/minimaliste/minimaliste_026402.jpg,minimaliste,0.4946,a portrait of a person with a minimalist clean simple look
images/professionnel/professionnel_026404.jpg,professionnel,0.5114,a portrait of a person with a professional polished business look
images/professionnel/professionnel_026406.jpg,professionnel,0.3741,a portrait of a person with a professional polished business look
images/boheme/boheme_026409.jpg,boheme,0.3591,a portrait of a person with a bohemian artistic free-spirited look
images/naturel/naturel_026412.jpg,naturel,0.4275,a portrait of a person with a natural fresh no-makeup look
images/minimaliste/minimaliste_026418.jpg,minimaliste,0.2184,a portrait of a person with a minimalist clean simple look
images/elegant/elegant_026419.jpg,elegant,0.3174,a portrait of a person with an elegant sophisticated evening look
images/glamour/glamour_026425.jpg,glamour,0.2302,a portrait of a person with a glamorous bold makeup look
images/professionnel/professionnel_026427.jpg,professionnel,0.4077,a portrait of a person with a professional polished business look
images/naturel/naturel_026429.jpg,naturel,0.6839,a portrait of a person with a natural fresh no-makeup look
images/professionnel/professionnel_026432.jpg,professionnel,0.4877,a portrait of a person with a professional polished business look
images/professionnel/professionnel_026433.jpg,professionnel,0.4364,a portrait of a person with a professional polished business look
images/professionnel/professionnel_026436.jpg,professionnel,0.3006,a portrait of a person with a professional polished business look
images/professionnel/professionnel_026437.jpg,professionnel,0.2395,a portrait of a person with a professional polished business look
images/glamour/glamour_026439.jpg,glamour,0.4949,a portrait of a person with a glamorous bold makeup look
images/minimaliste/minimaliste_026448.jpg,minimaliste,0.2496,a portrait of a person with a minimalist clean simple look
images/professionnel/professionnel_026453.jpg,professionnel,0.387,a portrait of a person with a professional polished business look
images/naturel/naturel_026455.jpg,naturel,0.4223,a portrait of a person with a natural fresh no-makeup look
images/professionnel/professionnel_026456.jpg,professionnel,0.4996,a portrait of a person with a professional polished business look
images/doux/doux_026458.jpg,doux,0.2727,a portrait of a person with a soft romantic gentle makeup look
images/professionnel/professionnel_026459.jpg,professionnel,0.4369,a portrait of a person with a professional polished business look
images/minimaliste/minimaliste_026464.jpg,minimaliste,0.3763,a portrait of a person with a minimalist clean simple look
images/minimaliste/minimaliste_026465.jpg,minimaliste,0.4188,a portrait of a person with a minimalist clean simple look
images/glamour/glamour_026477.jpg,glamour,0.3111,a portrait of a person with a glamorous bold makeup look
images/naturel/naturel_026479.jpg,naturel,0.6103,a portrait of a person with a natural fresh no-makeup look
images/naturel/naturel_026484.jpg,naturel,0.7762,a portrait of a person with a natural fresh no-makeup look
images/naturel/naturel_026494.jpg,naturel,0.4448,a portrait of a person with a natural fresh no-makeup look
images/professionnel/professionnel_026498.jpg,professionnel,0.3274,a portrait of a person with a professional polished business look
images/minimaliste/minimaliste_026501.jpg,minimaliste,0.3477,a portrait of a person with a minimalist clean simple look
images/professionnel/professionnel_026502.jpg,professionnel,0.3796,a portrait of a person with a professional polished business look
images/minimaliste/minimaliste_026511.jpg,minimaliste,0.373,a portrait of a person with a minimalist clean simple look
images/naturel/naturel_026513.jpg,naturel,0.3662,a portrait of a person with a natural fresh no-makeup look
images/naturel/naturel_026516.jpg,naturel,0.6812,a portrait of a person with a natural fresh no-makeup look
images/professionnel/professionnel_026528.jpg,professionnel,0.3208,a portrait of a person with a professional polished business look
images/glamour/glamour_026530.jpg,glamour,0.2723,a portrait of a person with a glamorous bold makeup look
images/professionnel/professionnel_026534.jpg,professionnel,0.3238,a portrait of a person with a professional polished business look
images/elegant/elegant_026535.jpg,elegant,0.3052,a portrait of a person with an elegant sophisticated evening look
images/minimaliste/minimaliste_026537.jpg,minimaliste,0.2471,a portrait of a person with a minimalist clean simple look
images/professionnel/professionnel_026543.jpg,professionnel,0.2635,a portrait of a person with a professional polished business look
images/professionnel/professionnel_026544.jpg,professionnel,0.2982,a portrait of a person with a professional polished business look
images/naturel/naturel_026556.jpg,naturel,0.6241,a portrait of a person with a natural fresh no-makeup look
images/elegant/elegant_026560.jpg,elegant,0.3974,a portrait of a person with an elegant sophisticated evening look
images/minimaliste/minimaliste_026563.jpg,minimaliste,0.3856,a portrait of a person with a minimalist clean simple look
images/professionnel/professionnel_026565.jpg,professionnel,0.2083,a portrait of a person with a professional polished business look
images/minimaliste/minimaliste_026577.jpg,minimaliste,0.3208,a portrait of a person with a minimalist clean simple look
images/naturel/naturel_026592.jpg,naturel,0.3721,a portrait of a person with a natural fresh no-makeup look
images/professionnel/professionnel_026594.jpg,professionnel,0.212,a portrait of a person with a professional polished business look
images/naturel/naturel_026602.jpg,naturel,0.3961,a portrait of a person with a natural fresh no-makeup look
images/naturel/naturel_026606.jpg,naturel,0.5104,a portrait of a person with a natural fresh no-makeup look
images/professionnel/professionnel_026608.jpg,professionnel,0.5514,a portrait of a person with a professional polished business look
images/naturel/naturel_026612.jpg,naturel,0.3226,a portrait of a person with a natural fresh no-makeup look
images/boheme/boheme_026613.jpg,boheme,0.3766,a portrait of a person with a bohemian artistic free-spirited look
images/professionnel/professionnel_026614.jpg,professionnel,0.5303,a portrait of a person with a professional polished business look
images/naturel/naturel_026618.jpg,naturel,0.4714,a portrait of a person with a natural fresh no-makeup look
images/elegant/elegant_026621.jpg,elegant,0.2876,a portrait of a person with an elegant sophisticated evening look
images/naturel/naturel_026626.jpg,naturel,0.5844,a portrait of a person with a natural fresh no-makeup look
images/naturel/naturel_026627.jpg,naturel,0.2543,a portrait of a person with a natural fresh no-makeup look
images/naturel/naturel_026628.jpg,naturel,0.5093,a portrait of a person with a natural fresh no-makeup look
images/naturel/naturel_026629.jpg,naturel,0.4258,a portrait of a person with a natural fresh no-makeup look
images/professionnel/professionnel_026630.jpg,professionnel,0.5225,a portrait of a person with a professional polished business look
images/naturel/naturel_026638.jpg,naturel,0.325,a portrait of a person with a natural fresh no-makeup look
images/professionnel/professionnel_026649.jpg,professionnel,0.3428,a portrait of a person with a professional polished business look
images/naturel/naturel_026653.jpg,naturel,0.4044,a portrait of a person with a natural fresh no-makeup look
images/professionnel/professionnel_026656.jpg,professionnel,0.381,a portrait of a person with a professional polished business look
images/professionnel/professionnel_026661.jpg,professionnel,0.5508,a portrait of a person with a professional polished business look
images/professionnel/professionnel_026663.jpg,professionnel,0.6706,a portrait of a person with a professional polished business look
images/boheme/boheme_026674.jpg,boheme,0.3314,a portrait of a person with a bohemian artistic free-spirited look
images/professionnel/professionnel_026682.jpg,professionnel,0.3646,a portrait of a person with a professional polished business look
images/professionnel/professionnel_026685.jpg,professionnel,0.847,a portrait of a person with a professional polished business look
images/professionnel/professionnel_026693.jpg,professionnel,0.3174,a portrait of a person with a professional polished business look
images/minimaliste/minimaliste_026701.jpg,minimaliste,0.5147,a portrait of a person with a minimalist clean simple look
images/doux/doux_026702.jpg,doux,0.272,a portrait of a person with a soft romantic gentle makeup look
images/naturel/naturel_026703.jpg,naturel,0.2578,a portrait of a person with a natural fresh no-makeup look
images/naturel/naturel_026723.jpg,naturel,0.368,a portrait of a person with a natural fresh no-makeup look
images/professionnel/professionnel_026732.jpg,professionnel,0.533,a portrait of a person with a professional polished business look
images/doux/doux_026740.jpg,doux,0.1978,a portrait of a person with a soft romantic gentle makeup look
images/professionnel/professionnel_026741.jpg,professionnel,0.44,a portrait of a person with a professional polished business look
images/minimaliste/minimaliste_026745.jpg,minimaliste,0.2797,a portrait of a person with a minimalist clean simple look
images/glamour/glamour_026746.jpg,glamour,0.358,a portrait of a person with a glamorous bold makeup look
images/professionnel/professionnel_026747.jpg,professionnel,0.4345,a portrait of a person with a professional polished business look
images/boheme/boheme_026750.jpg,boheme,0.2979,a portrait of a person with a bohemian artistic free-spirited look
images/professionnel/professionnel_026752.jpg,professionnel,0.3775,a portrait of a person with a professional polished business look
images/boheme/boheme_026753.jpg,boheme,0.4543,a portrait of a person with a bohemian artistic free-spirited look
images/naturel/naturel_026754.jpg,naturel,0.3548,a portrait of a person with a natural fresh no-makeup look
images/elegant/elegant_026755.jpg,elegant,0.365,a portrait of a person with an elegant sophisticated evening look
images/minimaliste/minimaliste_026758.jpg,minimaliste,0.3262,a portrait of a person with a minimalist clean simple look
images/minimaliste/minimaliste_026760.jpg,minimaliste,0.5542,a portrait of a person with a minimalist clean simple look
images/professionnel/professionnel_026762.jpg,professionnel,0.3652,a portrait of a person with a professional polished business look
images/professionnel/professionnel_026765.jpg,professionnel,0.3136,a portrait of a person with a professional polished business look
images/professionnel/professionnel_026766.jpg,professionnel,0.5008,a portrait of a person with a professional polished business look
images/boheme/boheme_026767.jpg,boheme,0.4143,a portrait of a person with a bohemian artistic free-spirited look
images/elegant/elegant_026768.jpg,elegant,0.3484,a portrait of a person with an elegant sophisticated evening look
images/naturel/naturel_026771.jpg,naturel,0.6626,a portrait of a person with a natural fresh no-makeup look
images/professionnel/professionnel_026773.jpg,professionnel,0.3617,a portrait of a person with a professional polished business look
images/glamour/glamour_026777.jpg,glamour,0.5535,a portrait of a person with a glamorous bold makeup look
images/professionnel/professionnel_026784.jpg,professionnel,0.6274,a portrait of a person with a professional polished business look
images/naturel/naturel_026787.jpg,naturel,0.614,a portrait of a person with a natural fresh no-makeup look
images/elegant/elegant_026788.jpg,elegant,0.2588,a portrait of a person with an elegant sophisticated evening look
images/minimaliste/minimaliste_026790.jpg,minimaliste,0.2211,a portrait of a person with a minimalist clean simple look
images/glamour/glamour_026791.jpg,glamour,0.4357,a portrait of a person with a glamorous bold makeup look
images/professionnel/professionnel_026794.jpg,professionnel,0.5207,a portrait of a person with a professional polished business look
images/naturel/naturel_026798.jpg,naturel,0.4691,a portrait of a person with a natural fresh no-makeup look
images/boheme/boheme_026803.jpg,boheme,0.276,a portrait of a person with a bohemian artistic free-spirited look
images/minimaliste/minimaliste_026804.jpg,minimaliste,0.3377,a portrait of a person with a minimalist clean simple look
images/naturel/naturel_026806.jpg,naturel,0.3965,a portrait of a person with a natural fresh no-makeup look
images/professionnel/professionnel_026809.jpg,professionnel,0.3084,a portrait of a person with a professional polished business look
images/naturel/naturel_026810.jpg,naturel,0.4287,a portrait of a person with a natural fresh no-makeup look
images/naturel/naturel_026812.jpg,naturel,0.2106,a portrait of a person with a natural fresh no-makeup look
images/boheme/boheme_026815.jpg,boheme,0.3433,a portrait of a person with a bohemian artistic free-spirited look
images/elegant/elegant_026817.jpg,elegant,0.2671,a portrait of a person with an elegant sophisticated evening look
images/naturel/naturel_026819.jpg,naturel,0.4698,a portrait of a person with a natural fresh no-makeup look
images/minimaliste/minimaliste_026826.jpg,minimaliste,0.2744,a portrait of a person with a minimalist clean simple look
images/professionnel/professionnel_026830.jpg,professionnel,0.4535,a portrait of a person with a professional polished business look
images/minimaliste/minimaliste_026831.jpg,minimaliste,0.291,a portrait of a person with a minimalist clean simple look
images/glamour/glamour_026836.jpg,glamour,0.5598,a portrait of a person with a glamorous bold makeup look
images/boheme/boheme_026839.jpg,boheme,0.2559,a portrait of a person with a bohemian artistic free-spirited look
images/elegant/elegant_026841.jpg,elegant,0.27,a portrait of a person with an elegant sophisticated evening look
images/naturel/naturel_026846.jpg,naturel,0.6772,a portrait of a person with a natural fresh no-makeup look
images/glamour/glamour_026848.jpg,glamour,0.3671,a portrait of a person with a glamorous bold makeup look
images/professionnel/professionnel_026849.jpg,professionnel,0.5282,a portrait of a person with a professional polished business look
images/boheme/boheme_026851.jpg,boheme,0.2545,a portrait of a person with a bohemian artistic free-spirited look
images/glamour/glamour_026852.jpg,glamour,0.2823,a portrait of a person with a glamorous bold makeup look
images/professionnel/professionnel_026855.jpg,professionnel,0.593,a portrait of a person with a professional polished business look
images/naturel/naturel_026858.jpg,naturel,0.5529,a portrait of a person with a natural fresh no-makeup look
images/naturel/naturel_026861.jpg,naturel,0.2807,a portrait of a person with a natural fresh no-makeup look
images/elegant/elegant_026864.jpg,elegant,0.2891,a portrait of a person with an elegant sophisticated evening look
images/professionnel/professionnel_026865.jpg,professionnel,0.3004,a portrait of a person with a professional polished business look
images/professionnel/professionnel_026866.jpg,professionnel,0.7193,a portrait of a person with a professional polished business look
images/naturel/naturel_026867.jpg,naturel,0.3539,a portrait of a person with a natural fresh no-makeup look
images/boheme/boheme_026873.jpg,boheme,0.387,a portrait of a person with a bohemian artistic free-spirited look
images/minimaliste/minimaliste_026875.jpg,minimaliste,0.3892,a portrait of a person with a minimalist clean simple look
images/doux/doux_026884.jpg,doux,0.4226,a portrait of a person with a soft romantic gentle makeup look
images/naturel/naturel_026885.jpg,naturel,0.2672,a portrait of a person with a natural fresh no-makeup look
images/naturel/naturel_026890.jpg,naturel,0.3206,a portrait of a person with a natural fresh no-makeup look
images/professionnel/professionnel_026891.jpg,professionnel,0.3786,a portrait of a person with a professional polished business look
images/naturel/naturel_026905.jpg,naturel,0.2355,a portrait of a person with a natural fresh no-makeup look
images/boheme/boheme_026909.jpg,boheme,0.4035,a portrait of a person with a bohemian artistic free-spirited look
images/professionnel/professionnel_026910.jpg,professionnel,0.4035,a portrait of a person with a professional polished business look
images/glamour/glamour_026935.jpg,glamour,0.2576,a portrait of a person with a glamorous bold makeup look
images/glamour/glamour_026944.jpg,glamour,0.2003,a portrait of a person with a glamorous bold makeup look
images/naturel/naturel_026946.jpg,naturel,0.2544,a portrait of a person with a natural fresh no-makeup look
images/naturel/naturel_026947.jpg,naturel,0.9459,a portrait of a person with a natural fresh no-makeup look
images/professionnel/professionnel_026948.jpg,professionnel,0.2257,a portrait of a person with a professional polished business look
images/doux/doux_026949.jpg,doux,0.2179,a portrait of a person with a soft romantic gentle makeup look
images/glamour/glamour_026951.jpg,glamour,0.5545,a portrait of a person with a glamorous bold makeup look
images/professionnel/professionnel_026954.jpg,professionnel,0.3069,a portrait of a person with a professional polished business look
images/professionnel/professionnel_026955.jpg,professionnel,0.5239,a portrait of a person with a professional polished business look
images/naturel/naturel_026956.jpg,naturel,0.3255,a portrait of a person with a natural fresh no-makeup look
images/minimaliste/minimaliste_026960.jpg,minimaliste,0.4474,a portrait of a person with a minimalist clean simple look
images/minimaliste/minimaliste_026961.jpg,minimaliste,0.4798,a portrait of a person with a minimalist clean simple look
images/professionnel/professionnel_026962.jpg,professionnel,0.7065,a portrait of a person with a professional polished business look
images/naturel/naturel_026964.jpg,naturel,0.3875,a portrait of a person with a natural fresh no-makeup look
images/naturel/naturel_026968.jpg,naturel,0.3337,a portrait of a person with a natural fresh no-makeup look
images/boheme/boheme_026976.jpg,boheme,0.5728,a portrait of a person with a bohemian artistic free-spirited look
images/minimaliste/minimaliste_026978.jpg,minimaliste,0.2829,a portrait of a person with a minimalist clean simple look
images/naturel/naturel_026991.jpg,naturel,0.6288,a portrait of a person with a natural fresh no-makeup look
images/naturel/naturel_026999.jpg,naturel,0.2704,a portrait of a person with a natural fresh no-makeup look
images/doux/doux_027001.jpg,doux,0.307,a portrait of a person with a soft romantic gentle makeup look
images/professionnel/professionnel_027002.jpg,professionnel,0.5274,a portrait of a person with a professional polished business look
images/professionnel/professionnel_027008.jpg,professionnel,0.5936,a portrait of a person with a professional polished business look
images/naturel/naturel_027009.jpg,naturel,0.5239,a portrait of a person with a natural fresh no-makeup look
images/professionnel/professionnel_027010.jpg,professionnel,0.5388,a portrait of a person with a professional polished business look
images/boheme/boheme_027023.jpg,boheme,0.3157,a portrait of a person with a bohemian artistic free-spirited look
images/naturel/naturel_027029.jpg,naturel,0.3724,a portrait of a person with a natural fresh no-makeup look
images/naturel/naturel_027042.jpg,naturel,0.5508,a portrait of a person with a natural fresh no-makeup look
images/minimaliste/minimaliste_027044.jpg,minimaliste,0.2245,a portrait of a person with a minimalist clean simple look
images/minimaliste/minimaliste_027049.jpg,minimaliste,0.3602,a portrait of a person with a minimalist clean simple look
images/naturel/naturel_027051.jpg,naturel,0.2846,a portrait of a person with a natural fresh no-makeup look
images/doux/doux_027055.jpg,doux,0.3134,a portrait of a person with a soft romantic gentle makeup look
images/professionnel/professionnel_027058.jpg,professionnel,0.5242,a portrait of a person with a professional polished business look
images/doux/doux_027065.jpg,doux,0.2557,a portrait of a person with a soft romantic gentle makeup look
images/professionnel/professionnel_027067.jpg,professionnel,0.3901,a portrait of a person with a professional polished business look
images/minimaliste/minimaliste_027068.jpg,minimaliste,0.3742,a portrait of a person with a minimalist clean simple look
images/doux/doux_027070.jpg,doux,0.394,a portrait of a person with a soft romantic gentle makeup look
images/professionnel/professionnel_027074.jpg,professionnel,0.2551,a portrait of a person with a professional polished business look
images/professionnel/professionnel_027079.jpg,professionnel,0.2847,a portrait of a person with a professional polished business look
images/naturel/naturel_027080.jpg,naturel,0.3405,a portrait of a person with a natural fresh no-makeup look
images/minimaliste/minimaliste_027081.jpg,minimaliste,0.2896,a portrait of a person with a minimalist clean simple look
images/naturel/naturel_027083.jpg,naturel,0.6224,a portrait of a person with a natural fresh no-makeup look
images/naturel/naturel_027084.jpg,naturel,0.41,a portrait of a person with a natural fresh no-makeup look
images/professionnel/professionnel_027085.jpg,professionnel,0.375,a portrait of a person with a professional polished business look
images/naturel/naturel_027104.jpg,naturel,0.6227,a portrait of a person with a natural fresh no-makeup look
images/naturel/naturel_027107.jpg,naturel,0.4247,a portrait of a person with a natural fresh no-makeup look
